correspondent_verbatim	files	nearest_authority_id	nearest_authority_name	similarity	likely_alias_of_existing
N Dandeker	77	n-dandekar	n dandekar	0.90	yes
N G Ranga	71	n-g-ranga	acharya n g ranga	0.69	review
Jayaprakash Naryan	64	jayaprakash-narayan	jai prakash narayan	0.97	yes
Girish Munshi	51	m-c-munshi	dr m c munshi	0.62	review
Homi Modi	43	homi-mody	sir homi mody	0.73	review
Raja	24	c-rajagopalachari	c rajagopalachari	0.80	review
V S Srikumar	23			0.00	no
R C Cooper	22	r-c-cooper	dr r c cooper	0.87	review
AP Jain	21	hp-ranina	hp ranina	0.62	review
R N Singh Deo	20	charan-singh	charan singh	0.64	review
A P Jain	20	ajit-prasad-jain	ajit prasad jain	0.67	review
Girish K Munshi	18	m-c-munshi	dr m c munshi	0.64	review
V P Bhatia	16	f-p-antia	f p antia	0.74	review
Madhu N Mehta	16	anupam-mehta	anupam mehta	0.56	review
Madhu Mehta	15	f-a-mehta	f a mehta	0.70	review
NG Ranga	14	n-g-ranga	acharya n g ranga	0.64	review
HP Mody	13	mh-mody	mh mody	0.86	review
kamakhya Narain Singh	13	charan-singh	charan singh	0.67	review
VS Srikumar	12			0.00	no
C Rajagopalchari	12	c-rajagopalachari	c rajagopalachari	0.97	yes
Kripalani	11	j-b-kripalani	acharya kripalani	0.69	review
S Y Krishnaswamy	11	v-k-krishna-menon	krishna menon	0.61	review
H P Modi	11	mh-mody	mh mody	0.67	review
Dahyabhai V Patel	11	sardar-patel	patel	0.71	review
V T Sreenivasan	9	ma-sreenivasan	m a sreenivasan	0.87	review
A P Sinha	7	s-l-n-sinha	s l n sinha	0.70	review
C C Desai	7	c-s-seshadri	c s seshadri	0.67	review
B S Mirza	7	bs-iyer	bs iyer	0.62	review
Narayan	7	jayaprakash-narayan	jai prakash narayan	0.82	review
Harihar Patel	6	sardar-patel	patel	0.80	review
N K Ganapaiah	6	n-n-pai	n n pai	0.60	review
P K Deo	6			0.00	no
Narendra Singh Mahida	6	anand-sinha	anand sinha	0.62	review
M S Aney	6	bs-sanyal	b s sanyal	0.67	review
Ramgarh	6	rd-aga	rd aga	0.62	review
VP Bhatia	5	f-p-antia	f p antia	0.67	review
CC Desai	5	ashok-desai	ashok desai	0.63	review
RS Bharati	4	v-b-haribhakti	v b haribhakti	0.50	review
Raju	4	s-v-raju	mr s v raju	0.73	review
S S Mariswamy	4	s-s-kanoria	s s kanoria	0.67	review
R Hateria	4	r-k-hazari	r k hazari	0.63	review
P Narayan	4	jayaprakash-narayan	jai prakash narayan	0.95	yes
D N Patodia	4	n-n-pai	n n pai	0.67	review
H R Pasricha	4	h-t-parekh	h t parekh	0.64	review
R B Mishra	4	r-m-mohan-rao	r m mohan rao	0.61	review
I S Bhargava	4			0.00	no
Basant Singh	4	charan-singh	charan singh	0.75	review
Ratibhai Ukabhai Patel	4	sardar-patel	patel	0.67	review
Bhailalbhai Patel	4	sardar-patel	patel	0.71	review
G T Daru	4			0.00	no
Bahadur Kamkhya Narain Singh	4	charan-singh	charan singh	0.64	review
A C Sampath Iyeangar	4			0.00	no
P Rangaswami	4	n-s-ramaswamy	prof n s ramaswamy	0.60	review
Roy	3	begum-rokeya	begum rokeya	0.67	review
S Krishnan	3	sarvepalli-radhakrishnan	professor s radhakrishnan	0.80	review
J Venkiteswaran	3	k-venkataraman	dr k venkataraman	0.62	review
PK Deo	3			0.00	no
VT Sreenivasan	3	ma-sreenivasan	m a sreenivasan	0.86	review
Acting President	3	sachin-sen	dr sachin sen	0.62	review
Prime Minister	3	m-a-master	ma master	0.61	review
Ram Rai Munshi	3	m-c-munshi	dr m c munshi	0.74	review
N C Zamindar	3	r-k-amin	prof rk amin	0.60	review
Raghavendra Pratap Singh	3	bhanu-pratap-singh	bhanu pratap singh	0.76	review
R V Murthy	3			0.00	no
The Deputy Commissioner Of Police	3			0.00	no
S R Tracy	3			0.00	no
Shantilal L Thar	3			0.00	no
C H Bhabha	3			0.00	no
G K Sunderem	3			0.00	no
Harihar patel	3	sardar-patel	patel	0.80	review
Padmakar D Kamerkar	3			0.00	no
MRM	3			0.00	no
Sugata Das Gupta	3			0.00	no
Minoo Masni	3	minoo-masani	m r masani mp	0.96	yes
Battu Singh Verma	3			0.00	no
Kusumkumari Joshi	2	sharad-joshi	sharad joshi	0.62	review
HR Pashricha	2			0.00	no
Jairam Patel	2	sardar-patel	patel	0.75	review
Govind Singh	2	anand-sinha	anand sinha	0.61	review
BD Pandey	2	vh-pandya	vh pandya	0.67	review
B Bhagwati	2	jagdish-bhagwati	bhagwati	0.89	review
Ram Subhag Singh	2	manmohan-singh	dr manmohan singh	0.67	review
Narendra Bhatia	2	m-n-roy	m n roy	0.68	review
Srikumar	2			0.00	no
Arya	2	begum-rokeya	begum rokeya	0.60	review
Cooper	2	r-c-cooper	dr r c cooper	0.63	review
General Nathu Singh	2	ayub-khan	general ayub khan	0.50	review
Lynn	2			0.00	no
Hukum Singh	2	charan-singh	charan singh	0.61	review
Sirdar P S Sodhbans	2			0.00	no
C V Ramanatha	2	a-ranganathan	a ranganathan	0.69	review
TN Bhargava	2			0.00	no
Sundaresan	2			0.00	no
Swaran Singh	2	charan-singh	charan singh	0.83	review
Yashpal Singh	2	manmohan-singh	dr manmohan singh	0.67	review
Babubhai Vaidya	2	murarji-vaidya	murarji vaidya	0.62	review
Jayaprakash	2	jayaprakash-narayan	jai prakash narayan	0.73	review
Associated Cement Companies	2			0.00	no
N W Sawant	2			0.00	no
Babu Joseph	2			0.00	no
G Latchanna	2	m-l-tannan	m l tannan	0.67	review
K H Subramaniam	2	kv-subrahmanyam	k v subrahmanyam	0.84	yes
Sarla Datar	2	sharad-pawar	sharad pawar	0.70	review
M R Arya	2	mr-mayya	mr mayya	0.75	review
S Mahapatra	2	s-m-dahanukar	s m dahanukar	0.67	review
Raj Krishna	2	gv-ramakrishna	gv ramakrishna	0.72	review
Dahyabhai Vallabhbhai Patel	2	sardar-patel	patel	0.77	review
Shantilal K Devmurari	2			0.00	no
Sri Prakash	2	jayaprakash-narayan	jai prakash narayan	0.60	review
Bhikhubhai Patel	2	sardar-patel	patel	0.73	review
C L Rao	2	b-g-rao	b g rao	0.71	review
N K Ganapiah	2			0.00	no
Ghasiram Majhi	2	sharad-joshi	sharad joshi	0.64	review
Rajmata Gayatri Devi	2			0.00	no
G M Gopal Krishna	2	gopal-krishna-gokhale	gokhale	0.68	review
T Sadasivan	2			0.00	no
Jagat Kishore Parsad Narain Singh	2			0.00	no
K N Singh	2	s-l-n-sinha	s l n sinha	0.70	review
Atal Bihari Bajpayee	2	atal-bihari-vajpayee	a b vajpayee	0.95	yes
C Rai	2	m-r-pai	m r pai	0.67	review
M L Dahanukar & Co Pvt Ltd	2			0.00	no
K Ganesan	2			0.00	no
Rajiv Patel	2	dr-ig-patel	dr ig patel	0.73	review
P B Meckoni	2	v-p-menon	v p menon	0.60	review
Prospective Parliamentary Candidates no-9	2			0.00	no
Mohan Singh	2	manmohan-singh	dr manmohan singh	0.88	review
K S Srinivasan	2	ma-sreenivasan	m a sreenivasan	0.76	review
Rajiv Patil	2	rajiv-gandhi	rajiv gandhi	0.70	review
Fazel Fazalbhoy	2			0.00	no
Dharamsey M Khatau	2	dharamsey-khatau	dharamsey khatau	0.94	yes
P S Koppikar	2			0.00	no
Ratibhai Ukhaabhai Patel	2	sardar-patel	patel	0.63	review
T Sadasivas	2			0.00	no
Devashyam	2	dinesh-vyas	dinesh vyas	0.50	review
P L Roy	2	m-n-roy	m n roy	0.71	review
JJ Singh	2	jj-irani	jj irani	0.62	review
Jinraja Hegda	2			0.00	no
J R Manjari	2	minoo-masani	m r masani mp	0.67	review
Jinarjhegde	2			0.00	no
T A koshy	2			0.00	no
Jayantbhai bhatt`	2			0.00	no
K Sundaram	2	kv-narain	kv narain	0.63	review
MPs Gujarat MALs and Members Of Gujarat State Executive	2			0.00	no
R M Totala	2	r-k-talwar	r k talwar	0.70	review
Ashok Padbidri	2	ashok-desai	ashok desai	0.64	review
Manumantra Rao	2	ma-venkata-rao	ma venkata rao	0.71	review
R K A NARAYAN	2	c-rangarajan	dr c rangarajan	0.71	review
B Satyanarayana	2	h-narayan-rao	h narayan rao	0.64	review
Rati Cooper	2	r-c-cooper	dr r c cooper	0.67	review
GK Sundaram	2	kv-narain	kv narain	0.60	review
Sumatilal P Shah	2			0.00	no
Suresh Singh	1			0.00	no
Ayesh	1			0.00	no
Bhailal	1	m-c-chagla	chagla	0.62	review
Shanu pratap Singh	1	bhanu-pratap-singh	bhanu pratap singh	0.94	yes
Masani	1	minoo-masani	m r masani mp	0.80	review
N J Dhebar	1	n-dandekar	n dandekar	0.60	review
A Latif	1			0.00	no
Arvind Mafatlal	1	arvind-lalbhai	arvind lalbhai	0.69	review
Dabeh Sawhny	1			0.00	no
I T Mirchandani	1			0.00	no
KK Savariya	1	k-d-malaviya	k d malaviya	0.61	review
R Hawkins	1			0.00	no
Yaskov Morris	1			0.00	no
Tony	1			0.00	no
Tajnarian yadav	1			0.00	no
S Sitaraman	1	k-jayaraman	k jayaraman	0.64	review
B Satyanaryan	1	jayaprakash-narayan	jai prakash narayan	0.43	review
J B Kripalani	1	j-b-kripalani	acharya kripalani	0.67	review
the Enforcement Officer	1			0.00	no
M R Masam	1	minoo-masani	m r masani mp	0.84	review
SriKumar	1			0.00	no
Accounts Officer Revenue Department	1			0.00	no
Mathani	1	ma-pathan	ma pathan	0.75	review
Shaha Janand Singh	1	anand-sinha	anand sinha	0.69	review
Abhay Anand	1	ramabai-ranade	ramabai ranade	0.64	review
Nabakrusha Choudhury	1			0.00	no
Badal Gangopadhya	1	bal-gangadhar-tilak	bal gangadhar tilak	0.67	review
KC Pant	1	s-k-patil	s k patil	0.62	review
M Savino	1			0.00	no
PK Patnaik	1	s-k-patil	s k patil	0.63	review
The Speaker-Lok Sabha	1			0.00	no
Madhu Limaye	1	thomas-babington-macaulay	lord macaulay	0.60	review
Nagen Bakshi	1			0.00	no
Ajoy Mukherjee	1			0.00	no
Piloo H Mody	1	piloo-mody	piloo mody	0.91	yes
SV Raju Jan-1985	1	s-v-raju	mr s v raju	0.78	review
Omkar Nath Tiku	1			0.00	no
K S Alva	1	m-c-setalvad	m c setalvad	0.63	review
GK Sundram	1	ak-chandra	ak chandra	0.60	review
CN Sudhan	1	c-s-deshpande	c s deshpande	0.64	review
IS Bhargava	1			0.00	no
Gopal Krishna	1	gopal-krishna-gokhale	gokhale	0.76	review
P D Patwari	1	sharad-pawar	sharad pawar	0.61	review
Comrades	1			0.00	no
Hindustan Construction Co Ltd	1			0.00	no
H N Hota	1	r-n-jha	r n jha	0.67	review
Kaikhusru	1			0.00	no
Chiranjilal Loyalka	1			0.00	no
G Rajagopalachari	1	c-rajagopalachari	c rajagopalachari	0.94	yes
B N Chaturvedi	1			0.00	no
Purshotam Das	1	gurcharan-das	gurcharan das	0.62	review
A A Jasdenvala	1	ma-sreenivasan	m a sreenivasan	0.41	review
Jal J Gazdar	1			0.00	no
F J Gazdar	1	r-k-hazari	r k hazari	0.60	review
Chimanlal B Parikh	1	indumati-parikh	indumati parikh	0.61	review
Bahadur Singh	1	charan-singh	charan singh	0.72	review
R Agni Bhoj	1			0.00	no
Kalayan Singh	1	charan-singh	charan singh	0.72	review
Ranbir Singh Jain	1	charan-singh	charan singh	0.62	review
A P	1			0.00	no
K N Munshi	1	k-m-munshi	k m munshi	0.90	yes
J F Jehangir	1			0.00	no
Major S R Bamji	1	s-v-raju	mr s v raju	0.62	review
Ruttonchund Master	1	richard-plaster	richard plaster	0.61	review
Hutheesing	1			0.00	no
B B Kapasi	1	g-v-kapadia	g v kapadia	0.67	review
B N Anantani	1	a-ranganathan	a ranganathan	0.64	review
D N D Khandalavala	1			0.00	no
Isaac Mathai	1	sujata-manohar	sujata manohar	0.62	review
Ramchandra M Barot	1	raja-ram-mohan-roy	raja ram mohan roy	0.60	review
T Sadasivam	1	m-narasimhan	m narasimham	0.61	review
BB Kapashi	1			0.00	no
YD Tyagi	1			0.00	no
HH Maharawal	1			0.00	no
Rasiklal Jani	1			0.00	no
RV Murthy	1			0.00	no
TM Mathew	1	t-mathew	t mathew	0.94	yes
NH Mapara	1			0.00	no
GV Pant	1	vh-pandya	vh pandya	0.62	review
Lal bahadur Shstri	1			0.00	no
N Raghavan Pillai	1			0.00	no
KN Krishnan	1	v-k-krishna-menon	krishna menon	0.74	review
Satyanarayan Sinha	1	anand-sinha	anand sinha	0.69	review
Mohida	1			0.00	no
GHG Raman	1	gv-ramakrishna	gv ramakrishna	0.61	review
Fredie Letter	1			0.00	no
Tan Singh	1	charan-singh	charan singh	0.76	review
Kapur Singh	1	charan-singh	charan singh	0.70	review
Rama Swarup	1			0.00	no
HH Maharaja PK Deo	1			0.00	no
Bhikshu Jannadas	1			0.00	no
Radhakrishna	1	sarvepalli-radhakrishnan	professor s radhakrishnan	0.89	review
Ganapaiah	1	g-v-kapadia	g v kapadia	0.60	review
Dhyan S Makhija	1	b-s-mahajan	b s mahajan	0.62	review
Maharaja Natwarsingh	1	charan-singh	charan singh	0.62	review
K S Venkateshwaran	1	c-s-venkatachar	c s venkatachar	0.73	review
Naoroz Seervai	1			0.00	no
G K Munshi	1	k-m-munshi	k m munshi	0.80	review
Girish	1			0.00	no
A E Gunawardena	1			0.00	no
Ghasirambabu Majhi	1			0.00	no
P J Deshmukh	1	chintaman-deshmukh	c c deshmukh	0.83	review
Lingappa	1			0.00	no
Shiv Prasad	1	b-shiva-rao	b shiva rao	0.64	review
K K Shah	1	l-k-jha	l k jha	0.67	review
Gian Singh Rarewala	1			0.00	no
Parmanand Kejriwal	1			0.00	no
Kusum Kumari Joshi	1	sharad-joshi	sharad joshi	0.60	review
K C Joseph	1			0.00	no
Victor Paran	1			0.00	no
Maryam	1	karl-marx	karl marx	0.60	review
Lalchand Hirachand	1			0.00	no
F C Cama	1	m-c-chagla	chagla	0.67	review
NV Norar	1			0.00	no
S Ramabhadran	1	ramabai-ranade	ramabai ranade	0.67	review
Doraisamy Nadar	1			0.00	no
Galbraith	1	john-kenneth-galbraith	john kenneth galbraith	0.64	review
Finance Minister	1			0.00	no
Volckmann	1			0.00	no
R F S Talyarkhan	1	r-k-talwar	r k talwar	0.62	review
K L Rao	1	k-l-rao	dr k l rao	0.82	review
Finance Minister-Set the People Free	1			0.00	no
L Sawhny	1			0.00	no
S T Sanghavi	1	s-l-n-sinha	s l n sinha	0.61	review
R S Lodha	1	r-n-jha	r n jha	0.62	review
India-JP Testament	1			0.00	no
Gayatri Devi	1			0.00	no
Dahyabhi Patel	1	sardar-patel	patel	0.71	review
P K Patnaik	1	s-k-patil	s k patil	0.70	review
U Muthuramalinga Thevar	1			0.00	no
Satya Narayan Sinha	1	h-narayan-rao	h narayan rao	0.62	review
John Deng	1	john-f-kennedy	john kennedy	0.67	review
Wahidur Rahman	1	fazal-ur-rahman	fazal-ur-rahman	0.69	review
K Raghuramaiah	1			0.00	no
Chacko	1			0.00	no
Pujaya C Rajagopalachari	1	c-rajagopalachari	c rajagopalachari	0.83	review
Sardarni Nirlep Kaur	1			0.00	no
Triguna Son	1	tarun-das	tarun das	0.60	review
J Mohammed Imam	1			0.00	no
R J Amin	1	r-k-amin	prof rk amin	0.88	yes
Budhi Prakash	1			0.00	no
R R Singh Deo	1	b-r-shenoy	b r shenoy	0.52	review
Hargovind D Takkar	1			0.00	no
Maharaja P K Deo	1			0.00	no
Rajabhallav Mishra	1			0.00	no
P S Sridhara Murthy	1			0.00	no
Harold Sehmautz	1			0.00	no
Harihar patel 22-06-193	1	sardar-patel	patel	0.80	review
Executive Swatantra Party	1			0.00	no
Dilip Chitre	1			0.00	no
Egg Head	1			0.00	no
Tribikram Tripathy	1			0.00	no
Howard Erdman	1			0.00	no
C R Irani	1	jj-irani	jj irani	0.71	review
Babubhai P Vaidya	1	murarji-vaidya	murarji vaidya	0.58	review
Thiru H K Ghazi	1	r-k-hazari	r k hazari	0.64	review
S K D Paliwal	1	s-k-patil	s k patil	0.64	review
the Officer in the Overdraft Department	1			0.00	no
Kanti Bora	1			0.00	no
Hansotia	1			0.00	no
Parmanad Kejriwal	1			0.00	no
Homi Mody	1	homi-mody	sir homi mody	0.82	review
Bateshwar Prasad Singh	1	bhanu-pratap-singh	bhanu pratap singh	0.65	review
Cental Bank of India	1			0.00	no
Basant Narain Singh	1	bhanu-pratap-singh	bhanu pratap singh	0.65	review
Raju surajyam	1			0.00	no
S R Mohan Das	1	r-m-mohan-rao	r m mohan rao	0.72	review
Paramchand Kejriwal	1			0.00	no
Shelat	1			0.00	no
Ashok Mehta	1	ashok-desai	ashok desai	0.73	review
Walchand & Co Pvt Ltd	1			0.00	no
General Secretary Swatantra Party	1			0.00	no
Charat Ram	1	h-narayan-rao	h narayan rao	0.61	review
Jimmy Mehta	1	anupam-mehta	anupam mehta	0.61	review
Khatau Makanji Spg & Wvg Co Ltd	1			0.00	no
Prabhu V Mehta	1	anupam-mehta	anupam mehta	0.62	review
K J Khambata	1			0.00	no
Khan Bahadur Framroze Mehta	1			0.00	no
G T Kamdar	1	bhimrao-ambedkar	ambedkar	0.45	review
D P Sethna	1	s-p-sathe	s p sathe	0.63	review
S Khambata	1			0.00	no
K V Verma	1	k-v-m-pai	k v m pai	0.67	review
Rajaji-The Economic Times	1			0.00	no
Rajaji-Indian Express	1			0.00	no
P K S Naraiyan	1	jayaprakash-narayan	jai prakash narayan	0.75	review
Sham Lal	1	sucheta-dalal	sucheta dalal	0.67	review
Chief Election Commissioner	1			0.00	no
M P Verma	1	s-v-raju	mr s v raju	0.60	review
K V K Sundaram	1	d-v-gundappa	d v gundappa	0.62	review
Field Organisation no-3	1			0.00	no
Field Organisation no-2	1			0.00	no
Prospective Candidates no-1	1			0.00	no
MP no-11	1	m-n-roy	m n roy	0.67	review
Field Organiser no-7	1			0.00	no
Field organiser no-6	1			0.00	no
MF no-10	1	m-n-roy	m n roy	0.67	review
P S Koppiker	1			0.00	no
Rekha Rajdopal	1			0.00	no
J Venkitesweran	1			0.00	no
the L R Sampath	1	thomas-robert-malthus	malthus	0.54	review
R Sampath	1	dr-na-swaminathan	dr na swaminathan	0.62	review
A G Noorani	1			0.00	no
Suresh Pratap Singh	1	bhanu-pratap-singh	bhanu pratap singh	0.76	review
Abdul Ganidhar	1	a-p-j-abdul-kalam	a p j abdul kalam	0.64	review
R V S Mani	1	minoo-masani	m r masani mp	0.63	review
S P Godrej	1	bp-godrej	bp godrej	0.84	review
P J Vyas	1			0.00	no
Lal Bahadur Shastri	1			0.00	no
U M Trivedi	1			0.00	no
Krishnalal Shrivastava	1	d-k-srivastava	dr dk srivastava	0.63	review
Acharya Ranga	1	n-g-ranga	acharya n g ranga	0.87	yes
Lalit Kumar	1	ajit-karnik	ajit karnik	0.64	review
Sanjeev	1			0.00	no
K Thiagarajan	1	k-jayaraman	k jayaraman	0.67	review
J B Dsouza	1			0.00	no
Philip Mason	1			0.00	no
William F Buckley Jr	1			0.00	no
Syt Viren Shah	1			0.00	no
J S Davids	1			0.00	no
Pashabhai Patel	1	sardar-patel	patel	0.75	review
Vasanji Kheraj Thakrar	1			0.00	no
J M Prabhu	1	j-m-lobo-prabhu	j m lobo prabhu	0.80	yes
Patwant Singh	1	charan-singh	charan singh	0.72	review
Bhanu Babu	1			0.00	no
Chandrakant Parikh	1	indumati-parikh	indumati parikh	0.67	review
Inder Malhotra	1	iskander-mirza	iskander mirza	0.57	review
Dandekar to Mr Minoo Masani	1	minoo-masani	m r masani mp	0.62	review
Minoo Masani to N Dandekar	1	minoo-masani	m r masani mp	0.63	review
Shenoy	1	b-r-shenoy	b r shenoy	0.80	review
Avtar Singh Rikhy	1	fatima-sheikh	fatima sheikh	0.60	review
H R Paaricha	1	h-t-parekh	h t parekh	0.64	review
Rajeev Patil	1			0.00	no
Indu Kumar Thakkar	1			0.00	no
J B Kriplani	1	j-b-kripalani	acharya kripalani	0.62	review
M G Devashyam	1			0.00	no
inder malohtra	1	iskander-mirza	iskander mirza	0.57	review
Zarrer Masani	1	minoo-masani	m r masani mp	0.73	review
Zarrer	1			0.00	no
B G Verghess	1	bg-verghese	bg verghese	0.87	review
V N Tarkunda	1	v-m-tarkunde	v m tarkunde	0.83	yes
Jay Prakash Naryan	1	jayaprakash-narayan	jai prakash narayan	0.95	yes
V M Tarkunda	1	v-m-tarkunde	v m tarkunde	0.92	yes
Om Mehta	1	n-c-mehta	n c mehta	0.71	review
Bombay and Rajkot	1			0.00	no
V P Sreenivasan	1	ma-sreenivasan	m a sreenivasan	0.87	review
Prabhakar S koopiker	1			0.00	no
Member of General Council of the Swatantra party	1			0.00	no
K M Panigraphy	1	k-v-m-pai	k v m pai	0.61	review
C Pathik	1			0.00	no
S N Ghosh	1	s-l-n-sinha	s l n sinha	0.50	review
B N Rao	1	b-g-rao	b g rao	0.86	yes
Moshe Kol	1			0.00	no
Sam Seghal	1	ms-seetha	ms seetha	0.63	review
Ishwara Dutt	1			0.00	no
Mohan Murari	1	r-m-mohan-rao	r m mohan rao	0.67	review
K R Koshti	1	j-h-doshi	j h doshi	0.63	review
G N Manjanasthya	1	a-ranganathan	a ranganathan	0.62	review
T S Krishnamoorthy	1	t-t-krishnamachari	t t krishnamachari	0.67	review
Bahadur C B Taraporevals	1	r-j-taraporevala	prof r j taraporevala	0.62	review
Venkata Subbarao	1	ma-venkata-rao	ma venkata rao	0.73	review
R N Rai	1	r-n-jha	r n jha	0.71	review
Sundaram	1			0.00	no
B K Sen	1	b-r-shenoy	b r shenoy	0.71	review
A N Hegda	1	r-n-jha	r n jha	0.62	review
Dadasaheb Larsan Patil	1			0.00	no
R Venkata Subbarao	1	ma-venkata-rao	ma venkata rao	0.75	review
Ishwardas Khare	1			0.00	no
Nathalal S Shah	1	parth-shah	parth j shah	0.67	review
Ishwardas Khera	1	richard-plaster	richard plaster	0.60	review
Ishwar Das Khera	1			0.00	no
S Usham Singh Nagoka	1			0.00	no
K U Shetty	1	t-subbaya-shetty	t subbaya shetty	0.69	review
P V Pamnani	1	vh-pandya	vh pandya	0.60	review
Dwivedi	1			0.00	no
N Parthasarthy	1			0.00	no
K S K Menon	1	v-p-menon	v p menon	0.70	review
J S Naryan	1	jayaprakash-narayan	jai prakash narayan	0.80	review
Avtar krishnan	1	v-k-krishna-menon	krishna menon	0.67	review
Bal Raj Trikha	1	hans-raj-khanna	hans raj khanna	0.62	review
Kali Vakeal	1	malini-karakal	malini karakal	0.24	review
K K Jinaraja Hegde	1			0.00	no
Trikha	1			0.00	no
Atulnanda Chakarbarti	1	sauvik-chakraverti	sauvik chakraverti	0.56	review
S P Khanna	1	hans-raj-khanna	hans raj khanna	0.72	review
S V pattabhy	1			0.00	no
Simon Singh	1	manmohan-singh	dr manmohan singh	0.72	review
S L Pareak	1	h-t-parekh	h t parekh	0.70	review
K B Jinraja Hedge	1			0.00	no
G P Bhatnagar	1			0.00	no
George A Floris	1			0.00	no
G B Joshi	1	sharad-joshi	sharad joshi	0.61	review
N S Deshmukh	1	chintaman-deshmukh	c c deshmukh	0.83	review
Prem Nath Joshi	1	sharad-joshi	sharad joshi	0.61	review
A Goswami	1			0.00	no
S Anand	1	bs-sanyal	b s sanyal	0.62	review
P H S Rao	1	u-r-rao	prof u r rao	0.67	review
Virendra Agarwal	1	ishwar-chandra-vidyasagar	ishwar chandra vidyasagar	0.62	review
T P Daver	1			0.00	no
Nathlal Shah	1	parth-shah	parth j shah	0.67	review
K N Gulatia	1	k-d-malaviya	k d malaviya	0.61	review
N C Mishra	1	n-c-mehta	n c mehta	0.74	review
Bhrama Swaroop Gupta	1			0.00	no
Braham P Bharucha	1			0.00	no
Mohammad mirza	1			0.00	no
Nurgesh kothwala	1			0.00	no
Sant Kumar Chopra	1			0.00	no
Praduman kumar	1			0.00	no
Nab Kishore Das	1	kishore-valicha	kishore valicha	0.60	review
Madhav Singh	1	manmohan-singh	dr manmohan singh	0.77	review
B R Trikha	1	benjamin-tucker	b r tucker	0.60	review
B P Singh	1	bhanu-pratap-singh	bhanu pratap singh	0.67	review
D K Kunte	1			0.00	no
Sunday Times	1			0.00	no
Indhira Gandhi	1	indira-gandhi	indira	0.96	yes
B G Verghese	1	bg-verghese	bg verghese	0.96	yes
BG Vergheese	1	bg-verghese	bg verghese	0.96	yes
B B Chavas	1	m-c-chagla	chagla	0.60	review
Anil Agarwal	1	anu-aga	anu aga	0.63	review
Shridhar	1			0.00	no
P N Dhar	1	p-n-haksar	p n haksar	0.78	review
Ramchandra Asin	1	charan-singh	charan singh	0.67	review
RC Cooper	1	r-c-cooper	dr r c cooper	0.82	review
Nalinkumar M Desai	1			0.00	no
General Secertary	1			0.00	no
Liladhar Patel	1	sardar-patel	patel	0.77	review
Gunvant Dave	1	raghunath-karve	raghunath karve	0.67	review
S V Raju to Minoo Masani	1	minoo-masani	m r masani mp	0.67	review
Minoo Masani to S V Raju	1	minoo-masani	m r masani mp	0.67	review
Member of Gujarat State Parliamentary Board	1			0.00	no
Munshi	1	k-m-munshi	k m munshi	0.75	review
Dhanuka	1	s-m-dahanukar	s m dahanukar	0.70	review
Navin T Khandwalla	1	nani-palkhivala	n a palkhivala	0.61	review
Manubhai Chwada	1			0.00	no
Dhirubhai Patel	1	dr-ig-patel	dr ig patel	0.62	review
Jagdish Munshi	1	jagdish-bhagwati	bhagwati	0.67	review
Madhu	1	thomas-robert-malthus	malthus	0.67	review
Venkiteswaran	1	k-venkataraman	dr k venkataraman	0.60	review
Soli	1			0.00	no
Navroz Seervai	1			0.00	no
Sosan Panday	1	sunil-bhandare	mr sunil s bhandare	0.61	review
T S Bhluwalla	1	m-g-hallar	m g balier	0.61	review
P C Chatterji	1			0.00	no
S C Rastogi	1	k-f-rustomji	k f rustomji	0.61	review
K V Murthy	1	kv-subrahmanyam	k v subrahmanyam	0.46	review
B P Prem	1			0.00	no
A Madhwa Warrier	1			0.00	no
K C Ghia	1			0.00	no
Balram Tandon	1			0.00	no
Ayub Sayeed	1	atal-bihari-vajpayee	a b vajpayee	0.64	review
N D Prabhu	1	g-giridhar-prabhu	g giridhar prabhu	0.67	review
M K Tata	1	r-k-talwar	r k talwar	0.67	review
Farrokh S Nulla	1			0.00	no
S V Murthy	1			0.00	no
Arvind Deshpandey	1	arvind-deshpande	arvind deshpande	0.97	yes
Nisula Eskiel	1			0.00	no
P G Navalankar	1			0.00	no
S A Chowdhury	1	dr-th-chowdhary	dr th chowdhary	0.71	review
Viren Saha	1	jr-henshaw	jr henshaw	0.60	review
Jai S Ratnakar	1			0.00	no
George Fernandes	1			0.00	no
K Venkatraman	1	k-venkataraman	dr k venkataraman	0.87	review
G Mahadevan	1	b-s-mahajan	b s mahajan	0.64	review
Maganlal B Joshi	1	sharad-joshi	sharad joshi	0.60	review
Akhil Bhartiya Jain S M Sangh	1			0.00	no
George Fernanded	1			0.00	no
R K Narayan	1	jayaprakash-narayan	jai prakash narayan	0.76	review
Maharaja Saheb	1	maharana-pratap	maharana pratap	0.62	review
B Bhatnagar	1	sunil-bhandare	mr sunil s bhandare	0.64	review
Vijay Mehta	1	f-a-mehta	f a mehta	0.70	review
A J Faridi	1			0.00	no
D Nanda	1	kiran-nanda	kiran nanda	0.67	review
K S Koder	1	s-s-kanoria	s s kanoria	0.60	review
Lalchand hirachand	1			0.00	no
M Desai	1	morarji-desai	morarji desai	0.70	review
Maharaja Sriraj	1	maharana-pratap	maharana pratap	0.67	review
Yaswant Kumar Choudhary	1			0.00	no
Ram Avatar Prasad Varua	1			0.00	no
Rajaji To The National Executive Meeting	1			0.00	no
Y Gadilingana Goud	1			0.00	no
Hanumantha Rao	1	ma-venkata-rao	ma venkata rao	0.64	review
K D Merchant	1	kd-valicha	k d valicha	0.61	review
Merchants Association	1			0.00	no
Durga Joshi	1	sharad-joshi	sharad joshi	0.64	review
KS Srinivasan	1	ma-sreenivasan	m a sreenivasan	0.74	review
Sharayu Daftary	1	sharad-pawar	sharad pawar	0.67	review
Arvind Parakh	1	arvind-lalbhai	arvind lalbhai	0.67	review
Sharayu A Daftary	1	sharad-pawar	sharad pawar	0.62	review
Shahajanand Singh	1	anand-sinha	anand sinha	0.71	review
P	1	jayaprakash-narayan	jai prakash narayan	0.67	review
A D Rawal	1	ma-rangoonwala	ma rangoonwala	0.61	review
A Duraisamy	1			0.00	no
PC Mohapatra	1			0.00	no
L M Singhvi	1	s-l-n-sinha	s l n sinha	0.64	review
MD Joseph	1			0.00	no
Bhagwan Das Sharma	1			0.00	no
Mohan lal jadav	1			0.00	no
Thakore Saheb	1	thakorelal-desai	thakorelal desai	0.69	review
JG Tiwari	1			0.00	no
Man Singh	1	manmohan-singh	dr manmohan singh	0.78	review
VGK Unnitham	1	k-santhanam	k santhanam	0.61	review
James Cherian	1	james-s-raj	james s raj	0.67	review
Sridharmurthy	1			0.00	no
Adil Billimorie	1			0.00	no
Minoo Tata	1	mithan-tata-lam	mithan lam	0.76	review
Viraj Radio	1			0.00	no
R kalamegham	1	a-p-j-abdul-kalam	a p j abdul kalam	0.70	review
RD Patel	1	sardar-patel	patel	0.80	review
SS Ahuja	1	b-s-mahajan	b s mahajan	0.63	review
Nautamlal	1			0.00	no
Kusum Kumar Joshi	1	sharad-joshi	sharad joshi	0.62	review
HM Patel	1	h-m-patel	h m patel	0.94	yes
Om Prakash Pathik	1	om-prakash-kahol	om prakash kahol	0.79	review
Jivrajbhai	1	c-rajagopalachari	c rajagopalachari	0.62	review
Ramjibhai Talsania	1	ramabai-ranade	ramabai ranade	0.62	review
SP Shah	1	s-p-sathe	s p sathe	0.67	review
Harjivanbhai Sheth	1	tarabai-shinde	tarabai shinde	0.62	review
Jairam	1			0.00	no
Rasiklalbhai	1	arvind-lalbhai	arvind lalbhai	0.69	review
J Ramabardhan	1	ramabai-ranade	ramabai ranade	0.67	review
Mathu Mehta	1	f-a-mehta	f a mehta	0.70	review
S GopalKrishnan	1	sarvepalli-radhakrishnan	professor s radhakrishnan	0.73	review
A Seshadri	1	c-s-seshadri	c s seshadri	0.82	review
Fali Wadia	1			0.00	no
Sumatilal Shah	1			0.00	no
Mody	1	mh-mody	mh mody	0.73	review
Mulubhai Nautamalal Mehta	1			0.00	no
bhailal	1	m-c-chagla	chagla	0.62	review
Kannamwar	1	kiran-nanda	kiran nanda	0.60	review
JN from Urli Kanchan	1			0.00	no
Ahmed Kassam Koonda	1			0.00	no
Deendayal Upadhyaya	1			0.00	no
Kapur Singhjee	1	charan-singh	charan singh	0.62	review
Harisn Chinai	1	sn-haji	sn haji	0.50	review
SK Kooka	1			0.00	no
