publisher,filename,slug,confidence,fuzzy_candidate,drive_copies
forum-of-free-enterprise,new-horizons-in-general-insurance-mr-vasant-c-vaidya-june-7-1982.pdf,new-horizons-in-general-insurance-mr-vasant-c-vaidya-june-7-1982,new,,1
forum-of-free-enterprise,new-pattern-of-taxaton-in-india-students-dec8-1959.pdf,new-pattern-of-taxaton-in-india-students-dec8-1959,new,,1
forum-of-free-enterprise,on-railway-strike-and-industrial-relations-n-h-tata-s-r-mohan-das-prof-r-c-goyal-may-1974-june-1974-october-1973.pdf,on-railway-strike-and-industrial-relations-n-h-tata-s-r-mohan-das-prof-r-c-goyal-may-1974-june-1974-october-1973,new,,1
forum-of-free-enterprise,on-rising-prices-and-black-money-dr-a-k-sur-professor-b-r-shenoy-september-12-1971.pdf,on-rising-prices-and-black-money-dr-a-k-sur-professor-b-r-shenoy-september-12-1971,new,,1
forum-of-free-enterprise,socialism-k-santhanam-november-10-1970.pdf,socialism-k-santhanam-november-10-1970,new,,1
forum-of-free-enterprise,solar-energy-dr-rashmi-mayur-august-14-1978.pdf,solar-energy-dr-rashmi-mayur-august-14-1978,new,,1
forum-of-free-enterprise,some-contradictions-in-the-plan-by-prof-cn-vakil-october-30-1956.pdf,some-contradictions-in-the-plan-by-prof-cn-vakil-october-30-1956,new,,1
forum-of-free-enterprise,some-lessons-of-a-decade-of-planning-by-prof-RK-Amin-July-7-1961.pdf,some-lessons-of-a-decade-of-planning-by-prof-rk-amin-july-7-1961,new,,1
forum-of-free-enterprise,state-capitalism-marches-on-by-dharamsey-m-khatau-january-25-1957.pdf,state-capitalism-marches-on-by-dharamsey-m-khatau-january-25-1957,new,,1
forum-of-free-enterprise,state-enterprises-c-h-bhabha-1956.pdf,state-enterprises-c-h-bhabha-1956,new,,1
forum-of-free-enterprise,the-changing-structure-of-industrial-finance-p-s-lokanathan-april-2-1969.pdf,the-changing-structure-of-industrial-finance-p-s-lokanathan-april-2-1969,new,,1
forum-of-free-enterprise,the-civil-service-in-transition-b-k-nehru.pdf,the-civil-service-in-transition-b-k-nehru,new,,1
forum-of-free-enterprise,the-climate-change-issues-and-challenges-s-d-naik.pdf,the-climate-change-issues-and-challenges-s-d-naik,new,,1
forum-of-free-enterprise,the-companies-amendment-bill-1972-n-a-palkhivala-r-g-saraiya-h-g-mody-september-october-1972.pdf,the-companies-amendment-bill-1972-n-a-palkhivala-r-g-saraiya-h-g-mody-september-october-1972,new,,1
forum-of-free-enterprise,the-concept-of-economic-equality-professor-p-t-bauer-september-14-1981.pdf,the-concept-of-economic-equality-professor-p-t-bauer-september-14-1981,new,,1
forum-of-free-enterprise,the-consumer-and-the-indian-economic-environment-professor-gangadhar-gadgil-september-12-1980.pdf,the-consumer-and-the-indian-economic-environment-professor-gangadhar-gadgil-september-12-1980,new,,1
forum-of-free-enterprise,the-cult-of-state-capitalism-in-india-c-h-bhabha-january-1-1970.pdf,the-cult-of-state-capitalism-in-india-c-h-bhabha-january-1-1970,new,,1
forum-of-free-enterprise,the-current-price-situation-s-s-bhandare-dr-abhay-pethe.pdf,the-current-price-situation-s-s-bhandare-dr-abhay-pethe,new,,1
forum-of-free-enterprise,the-dangers-of-joint-cooperative-farming-mar7-1950.pdf,the-dangers-of-joint-cooperative-farming-mar7-1950,new,,1
forum-of-free-enterprise,the-dollar-and-the-international-monetary-system-arthur-f-burns-october-12-1979.pdf,the-dollar-and-the-international-monetary-system-arthur-f-burns-october-12-1979,new,,1
forum-of-free-enterprise,the-economic-environment-in-india-1967-n-a-palkhivala-august-11-1967.pdf,the-economic-environment-in-india-1967-n-a-palkhivala-august-11-1967,new,,1
forum-of-free-enterprise,the-economic-impliactions-of-union-budget-1970-prof-r-j-taraporevala-march-15-1970.pdf,the-economic-impliactions-of-union-budget-1970-prof-r-j-taraporevala-march-15-1970,new,,1
forum-of-free-enterprise,the-economic-implications-of-the-union-budget-1969-1970-professor-russi-jal-taraporevala-april-15-1969.pdf,the-economic-implications-of-the-union-budget-1969-1970-professor-russi-jal-taraporevala-april-15-1969,new,,1
forum-of-free-enterprise,the-economic-implications-of-the-union-budget-1972-1973-professor-russi-jal-taraporevala-may-15-1972.pdf,the-economic-implications-of-the-union-budget-1972-1973-professor-russi-jal-taraporevala-may-15-1972,new,,1
forum-of-free-enterprise,the-economic-implications-of-the-union-budget-1973-74-prof-r-j-taraporevala.pdf,the-economic-implications-of-the-union-budget-1973-74-prof-r-j-taraporevala,new,,1
forum-of-free-enterprise,the-economic-implications-of-the-union-budget-1974-1975-professor-russi-jal-taraporevala-april-20-1974.pdf,the-economic-implications-of-the-union-budget-1974-1975-professor-russi-jal-taraporevala-april-20-1974,new,,1
forum-of-free-enterprise,the-economic-implications-of-the-union-budget-1974-75-professor-russi-jal-taraporevala-april-1974.pdf,the-economic-implications-of-the-union-budget-1974-75-professor-russi-jal-taraporevala-april-1974,new,,1
forum-of-free-enterprise,the-economic-implications-of-the-union-budget-1975-76-russi-jal-taraporevala-3-march-1975.pdf,the-economic-implications-of-the-union-budget-1975-76-russi-jal-taraporevala-3-march-1975,new,,1
forum-of-free-enterprise,the-economic-implications-of-the-union-budget-1976-77-russi-jal-taraporevala-20-may-1976.pdf,the-economic-implications-of-the-union-budget-1976-77-russi-jal-taraporevala-20-may-1976,new,,1
forum-of-free-enterprise,the-economic-implications-of-the-union-budget-1979-80-russi-jal-taraporevala-april-17-1979.pdf,the-economic-implications-of-the-union-budget-1979-80-russi-jal-taraporevala-april-17-1979,new,,1
forum-of-free-enterprise,the-economic-implications-of-the-union-budget-for-1966-67-professor-russi-jal-taraporevala-april-20-1966.pdf,the-economic-implications-of-the-union-budget-for-1966-67-professor-russi-jal-taraporevala-april-20-1966,new,,1
forum-of-free-enterprise,the-economic-implications-of-the-union-budget-for-1971-72-professor-russi-jal-taraporevala-12-july-1971.pdf,the-economic-implications-of-the-union-budget-for-1971-72-professor-russi-jal-taraporevala-12-july-1971,new,,1
forum-of-free-enterprise,the-economic-implications-of-union-budget-1977-78-russi-jal-taraporevala-august-15-1977.pdf,the-economic-implications-of-union-budget-1977-78-russi-jal-taraporevala-august-15-1977,new,,1
forum-of-free-enterprise,the-economic-implications-of-union-budget-1978-79-prof-r-j-taraporevala-april-15-1978.pdf,the-economic-implications-of-union-budget-1978-79-prof-r-j-taraporevala-april-15-1978,new,,1
forum-of-free-enterprise,the-economic-implications-of-union-budget-prof-r-taraporevala-may-15-1972.pdf,the-economic-implications-of-union-budget-prof-r-taraporevala-may-15-1972,new,,1
forum-of-free-enterprise,the-economic-scene-today-minoo-h-mody-dr-a-c-chhatrapati-february-12-1981.pdf,the-economic-scene-today-minoo-h-mody-dr-a-c-chhatrapati-february-12-1981,new,,1
forum-of-free-enterprise,the-emergency-highlights-need-for-a-new-economic-policy-a-d-shroff-jan10-1963.pdf,the-emergency-highlights-need-for-a-new-economic-policy-a-d-shroff-jan10-1963,new,,1
forum-of-free-enterprise,the-food-situation-and-the-common-man-b-r-shenoy-january-1-1970.pdf,the-food-situation-and-the-common-man-b-r-shenoy-january-1-1970,new,,1
forum-of-free-enterprise,the-foreign-exchange-crisis-a-d-shroff-aug6-1958.pdf,the-foreign-exchange-crisis-a-d-shroff-aug6-1958,new,,1
forum-of-free-enterprise,the-foreign-exchange-situation-prof-b-r-shenoy-mar6-1958.pdf,the-foreign-exchange-situation-prof-b-r-shenoy-mar6-1958,new,,1
forum-of-free-enterprise,the-fourth-plan-dhirajlal-maganlal-mar10-1965.pdf,the-fourth-plan-dhirajlal-maganlal-mar10-1965,new,,1
forum-of-free-enterprise,the-fundamental-rights-case-n-a-palkhivala-july-1973.pdf,the-fundamental-rights-case-n-a-palkhivala-july-1973,new,,1
forum-of-free-enterprise,the-future-is-with-free-enterprise-a-d-shroff-nov8-1959.pdf,the-future-is-with-free-enterprise-a-d-shroff-nov8-1959,new,,1
forum-of-free-enterprise,the-future-of-corporate-sector-j-d-chokshi-s-l-kirloskar-september-11-1968.pdf,the-future-of-corporate-sector-j-d-chokshi-s-l-kirloskar-september-11-1968,new,,1
forum-of-free-enterprise,the-future-of-free-enterprise-in-india-jun8-1961.pdf,the-future-of-free-enterprise-in-india-jun8-1961,new,,1
forum-of-free-enterprise,the-future-of-managing-agency-system-c-c-chokshi-dhirajlal-maganlal-r-l-n-vijaynagar-october-11-1966.pdf,the-future-of-managing-agency-system-c-c-chokshi-dhirajlal-maganlal-r-l-n-vijaynagar-october-11-1966,new,,1
forum-of-free-enterprise,the-garland-canal-project-answer-to-indias-flood-and-unemployment-problem-capt-dinshaw-j-dastur-october-14-1978.pdf,the-garland-canal-project-answer-to-indias-flood-and-unemployment-problem-capt-dinshaw-j-dastur-october-14-1978,new,,1
forum-of-free-enterprise,the-gift-tax-prof-r-j-taraporevala-apr6-1958.pdf,the-gift-tax-prof-r-j-taraporevala-apr6-1958,new,,1
forum-of-free-enterprise,the-gold-problem-in-india-b-r-shenoy-jul10-1963.pdf,the-gold-problem-in-india-b-r-shenoy-jul10-1963,new,,1
forum-of-free-enterprise,the-indian-commercial-banking-system-in-the-next-decade-the-role-of-small-banks-dr-s-s-tarapore-october-5-2010.pdf,the-indian-commercial-banking-system-in-the-next-decade-the-role-of-small-banks-dr-s-s-tarapore-october-5-2010,new,,1
forum-of-free-enterprise,the-indian-constitution-and-judiciary-p-b-mukharji-october-1973.pdf,the-indian-constitution-and-judiciary-p-b-mukharji-october-1973,new,,1
forum-of-free-enterprise,the-indian-insurance-industry-mr-n-rangachary-april-20-1999.pdf,the-indian-insurance-industry-mr-n-rangachary-april-20-1999,new,,1
forum-of-free-enterprise,the-indian-milk-problem-d-n-khurody-11-june-1974.pdf,the-indian-milk-problem-d-n-khurody-11-june-1974,new,,1
forum-of-free-enterprise,the-indian-press-is-a-private-industry-in-public-service-AB-Nair-August-8-1962.pdf,the-indian-press-is-a-private-industry-in-public-service-ab-nair-august-8-1962,new,,1
forum-of-free-enterprise,the-international-monetary-system-and-the-role-of-gold-robert-s-brown-december-14-1976.pdf,the-international-monetary-system-and-the-role-of-gold-robert-s-brown-december-14-1976,new,,1
forum-of-free-enterprise,the-japanese-econoic-miracle-j-h-doshi-march-12-1972.pdf,the-japanese-econoic-miracle-j-h-doshi-march-12-1972,new,,1
forum-of-free-enterprise,the-juggernaut-of-avadi-by-ma-sreenivasan-1956.pdf,the-juggernaut-of-avadi-by-ma-sreenivasan-1956,new,,1
forum-of-free-enterprise,the-light-of-the-constitution-n-a-palkhivala-october-20-1976.pdf,the-light-of-the-constitution-n-a-palkhivala-october-20-1976,new,,1
forum-of-free-enterprise,the-menace-of-inflation-n-dandekar-january-8-1961.pdf,the-menace-of-inflation-n-dandekar-january-8-1961,new,,1
forum-of-free-enterprise,the-mess-we-are-in-n-a-palkhivala-11-august-1974.pdf,the-mess-we-are-in-n-a-palkhivala-11-august-1974,new,,1
forum-of-free-enterprise,the-national-telecom-policy-and-its-implementation.pdf,the-national-telecom-policy-and-its-implementation,new,,1
forum-of-free-enterprise,the-need-for-economic-statesmanship-s-l-kirloskar-december-10-1969.pdf,the-need-for-economic-statesmanship-s-l-kirloskar-december-10-1969,new,,1
forum-of-free-enterprise,the-new-class-in-a-state-dominated-economy-by-mh-moody-1980.pdf,the-new-class-in-a-state-dominated-economy-by-mh-moody-1980,new,,1
forum-of-free-enterprise,the-new-class-in-state-dominated-economy-m-h-mody-october-15-1981.pdf,the-new-class-in-state-dominated-economy-m-h-mody-october-15-1981,new,,1
forum-of-free-enterprise,the-new-gold-policy-b-s-mahajan-d-r-pendse-gangadhar-gadgil-and-s-n-sonawala-may-14-1978.pdf,the-new-gold-policy-b-s-mahajan-d-r-pendse-gangadhar-gadgil-and-s-n-sonawala-may-14-1978,new,,1
forum-of-free-enterprise,the-new-pattern-of-taxation-a-d-shroff-apr6-1958.pdf,the-new-pattern-of-taxation-a-d-shroff-apr6-1958,new,,1
forum-of-free-enterprise,the-next-phase-of-transformation-i-nomics-piya-mahtaney.pdf,the-next-phase-of-transformation-i-nomics-piya-mahtaney,new,,1
forum-of-free-enterprise,the-oil-crisis-in-india-prof-guruprasad-murthy-january-15-1974.pdf,the-oil-crisis-in-india-prof-guruprasad-murthy-january-15-1974,new,,1
forum-of-free-enterprise,the-place-of-free-enterprise-in-a-backward-economy-by-dn-hosali.pdf,the-place-of-free-enterprise-in-a-backward-economy-by-dn-hosali,review,the-place-of-free-enterprise-in-a-backward-economy,1
forum-of-free-enterprise,the-planning-commission-&-parkinson-s-law-by-touchstone-june-23-1960.pdf,the-planning-commission-parkinson-s-law-by-touchstone-june-23-1960,new,,1
forum-of-free-enterprise,the-population problem-b-k-tandon-15-may-1975.pdf,the-population-problem-b-k-tandon-15-may-1975,new,,1
forum-of-free-enterprise,the-position-of-directors-under-the-companies-act-k-venkoba-rao-september-8-1962.pdf,the-position-of-directors-under-the-companies-act-k-venkoba-rao-september-8-1962,new,,1
forum-of-free-enterprise,the-power-crisis-p-m-agerwala-30th-april-1973.pdf,the-power-crisis-p-m-agerwala-30th-april-1973,new,,1
forum-of-free-enterprise,the-power-problem-in-india-a-s-joshi-and-m-s-padmanabhan-december-13-1979.pdf,the-power-problem-in-india-a-s-joshi-and-m-s-padmanabhan-december-13-1979,new,,1
forum-of-free-enterprise,the-privatisation-phenomenon-and-its-relevance-to-developing-countries-by-J-K-Mukhopadhyay-July-15-1988.pdf,the-privatisation-phenomenon-and-its-relevance-to-developing-countries-by-j-k-mukhopadhyay-july-15-1988,new,,1
forum-of-free-enterprise,the-privatisation-phenomenon-jiban-k-mukhopadhyay-july-1988.pdf,the-privatisation-phenomenon-jiban-k-mukhopadhyay-july-1988,new,,1
forum-of-free-enterprise,the-problem-of-foreign-exchange-by-prof-cn-vakil-may-8-1961.pdf,the-problem-of-foreign-exchange-by-prof-cn-vakil-may-8-1961,new,,1
forum-of-free-enterprise,the-problem-of-rising-prices-causes-a-s-bhaskar-aug9-1964.pdf,the-problem-of-rising-prices-causes-a-s-bhaskar-aug9-1964,new,,1
forum-of-free-enterprise,the-problem-of-rising-prices-g-d-somani-oct5-1963.pdf,the-problem-of-rising-prices-g-d-somani-oct5-1963,new,,1
forum-of-free-enterprise,the-public-sector-a-managers-report-p-c-lal-november-15-1976.pdf,the-public-sector-a-managers-report-p-c-lal-november-15-1976,new,,1
forum-of-free-enterprise,the-reform-of-the-judiciary-justice-h-r-khanna-october-15-1980.pdf,the-reform-of-the-judiciary-justice-h-r-khanna-october-15-1980,new,,1
forum-of-free-enterprise,the-role-of-a-professional-in-society-y-h-malegam-september-12-2006.pdf,the-role-of-a-professional-in-society-y-h-malegam-september-12-2006,new,,1
forum-of-free-enterprise,the-role-of-free-enterprise-by-mr-masani-september-21-1956.pdf,the-role-of-free-enterprise-by-mr-masani-september-21-1956,new,,1
forum-of-free-enterprise,the-role-of-judiciary-in-parliamentary-democracy-m-c-chagla-january-4-2011.pdf,the-role-of-judiciary-in-parliamentary-democracy-m-c-chagla-january-4-2011,review,the-role-of-judiciary-in-parliamentary-democracy-by-justice-m-c-chagla,1
forum-of-free-enterprise,the-role-of-labour-in-japanese-economic-miracle-james-d-hodgson-june-14-1978.pdf,the-role-of-labour-in-japanese-economic-miracle-james-d-hodgson-june-14-1978,new,,1
forum-of-free-enterprise,the-role-of-the-central-banking-authority-and-commercial-bank-in-a-planned-economy-h-v-r-iengar-december-6-1967.pdf,the-role-of-the-central-banking-authority-and-commercial-bank-in-a-planned-economy-h-v-r-iengar-december-6-1967,new,,1
forum-of-free-enterprise,the-role-of-the-judiciary-in-parliamentary-democracy-m-c-chagla-28-october-1974.pdf,the-role-of-the-judiciary-in-parliamentary-democracy-m-c-chagla-28-october-1974,new,,1
forum-of-free-enterprise,the-state-of-the-nation-the-four-costly-mistakes-n-a-palkhivala-november-20-1982.pdf,the-state-of-the-nation-the-four-costly-mistakes-n-a-palkhivala-november-20-1982,new,,1
forum-of-free-enterprise,the-stock-exchanges-in-india-the-emerging-scenarios-and-challenges-g-a-patel-may-11-1987.pdf,the-stock-exchanges-in-india-the-emerging-scenarios-and-challenges-g-a-patel-may-11-1987,new,,1
forum-of-free-enterprise,the-supreme-court-judgement-in-the-judges-case-n-a-palkhivala-february-15-1982.pdf,the-supreme-court-judgement-in-the-judges-case-n-a-palkhivala-february-15-1982,new,,1
forum-of-free-enterprise,the-supreme-courts-judgement-on-the-constitution-42-amendment-act-1976-n-a-palkhivala-june-20-1980.pdf,the-supreme-courts-judgement-on-the-constitution-42-amendment-act-1976-n-a-palkhivala-june-20-1980,new,,1
forum-of-free-enterprise,the-task-before-the-monopiles-v-k-narasimhan-sept9-1964.pdf,the-task-before-the-monopiles-v-k-narasimhan-sept9-1964,new,,1
forum-of-free-enterprise,the-tasks-before-a-free-people-n-a-palkhivala-may-20-1977.pdf,the-tasks-before-a-free-people-n-a-palkhivala-may-20-1977,new,,1
forum-of-free-enterprise,the-taxation-amendment-laws-1973-h-p-ranina-14-august-1973.pdf,the-taxation-amendment-laws-1973-h-p-ranina-14-august-1973,new,,1
forum-of-free-enterprise,the-transport-bottleneck-a-d-shroff-january-1-1970.pdf,the-transport-bottleneck-a-d-shroff-january-1-1970,new,,1
forum-of-free-enterprise,the-union-budget-1968-69-n-a-palkhivala-april-14-1968.pdf,the-union-budget-1968-69-n-a-palkhivala-april-14-1968,new,,1
forum-of-free-enterprise,the-union-budget-1969-70-n-a-palkhivala-march-10-1969.pdf,the-union-budget-1969-70-n-a-palkhivala-march-10-1969,new,,1
forum-of-free-enterprise,the-union-budget-1970-n-a-palkhiavala-april-15-1970.pdf,the-union-budget-1970-n-a-palkhiavala-april-15-1970,new,,1
forum-of-free-enterprise,the-union-budget-1971-72-n-a-palkhivala-15-june-1971.pdf,the-union-budget-1971-72-n-a-palkhivala-15-june-1971,new,,1
forum-of-free-enterprise,the-union-budget-1972-1973-n-a-palkhivala-april-20-1972.pdf,the-union-budget-1972-1973-n-a-palkhivala-april-20-1972,new,,1
forum-of-free-enterprise,the-union-budget-1973-74-n-a-palkhivala-april-1973.pdf,the-union-budget-1973-74-n-a-palkhivala-april-1973,new,,1
forum-of-free-enterprise,the-union-budget-1974-75-n-a-palkhivala-march-1974.pdf,the-union-budget-1974-75-n-a-palkhivala-march-1974,new,,1
forum-of-free-enterprise,the-union-budget-1975-76-n-a-palkhivala-25-march-1975.pdf,the-union-budget-1975-76-n-a-palkhivala-25-march-1975,new,,1
forum-of-free-enterprise,the-union-budget-1976-77-n-a-palkhivala-20-april-1976.pdf,the-union-budget-1976-77-n-a-palkhivala-20-april-1976,new,,1
forum-of-free-enterprise,the-union-budget-1977-78-n-a-palkhivala-july-20-1977.pdf,the-union-budget-1977-78-n-a-palkhivala-july-20-1977,new,,1
forum-of-free-enterprise,the-union-budget-1980-81-n-a-palkhivala-july-20-1980.pdf,the-union-budget-1980-81-n-a-palkhivala-july-20-1980,new,,1
forum-of-free-enterprise,the-union-budget-1981-82-n-a-palkhivala-march-20-1981.pdf,the-union-budget-1981-82-n-a-palkhivala-march-20-1981,new,,1
forum-of-free-enterprise,the-union-budget-1982-83-and-a-budget-of-my-dreams-n-a-palkhivala-march-20-1982.pdf,the-union-budget-1982-83-and-a-budget-of-my-dreams-n-a-palkhivala-march-20-1982,new,,1
forum-of-free-enterprise,the-union-budget-1983-84-n-a-palkhivala-march-20-1983.pdf,the-union-budget-1983-84-n-a-palkhivala-march-20-1983,new,,1
forum-of-free-enterprise,the-union-budget-1983-84-proposals-will-weaken-industry-h-p-ranina-april-12-1983.pdf,the-union-budget-1983-84-proposals-will-weaken-industry-h-p-ranina-april-12-1983,new,,1
forum-of-free-enterprise,the-union-budget-1990-91-by-na-palkhivala-april-20-1990.pdf,the-union-budget-1990-91-by-na-palkhivala-april-20-1990,new,,1
forum-of-free-enterprise,the-union-budget-1992-93-by-na-palkhivala-march-3-1992.pdf,the-union-budget-1992-93-by-na-palkhivala-march-3-1992,review,union-budget-1992-93-by-nani-palkhivala,1
forum-of-free-enterprise,the-union-budget-1993-94-by-nani-a-palkhiwala-march-20-1993.pdf,the-union-budget-1993-94-by-nani-a-palkhiwala-march-20-1993,new,,1
forum-of-free-enterprise,the-union-budget-1993-94-laying-the-foundation-for-an-economic-miracle-by-HP-ranina-april-13-1993.pdf,the-union-budget-1993-94-laying-the-foundation-for-an-economic-miracle-by-hp-ranina-april-13-1993,new,,1
forum-of-free-enterprise,the-union-budget-1994-95-n-a-palkivala-march-20-1994.pdf,the-union-budget-1994-95-n-a-palkivala-march-20-1994,new,,1
forum-of-free-enterprise,the-union-budget-1995-96-by-passing-parliamentary-select-comittee-n-a-palkhivala-march-21-1995.pdf,the-union-budget-1995-96-by-passing-parliamentary-select-comittee-n-a-palkhivala-march-21-1995,new,,1
forum-of-free-enterprise,the-union-budget-1998-99-is-a-brave-response-to-challenging-circumstances-h-p-ranina.pdf,the-union-budget-1998-99-is-a-brave-response-to-challenging-circumstances-h-p-ranina,new,,1
forum-of-free-enterprise,the-union-budget-1999-2000-positive-measures-and-innovative-policies-h-p-ranina.pdf,the-union-budget-1999-2000-positive-measures-and-innovative-policies-h-p-ranina,new,,1
forum-of-free-enterprise,the-union-budget-2000-2001-h-p-ranina.pdf,the-union-budget-2000-2001-h-p-ranina,new,,1
forum-of-free-enterprise,the-union-budget-2008-09-h-p-ranina-march-6-2008.pdf,the-union-budget-2008-09-h-p-ranina-march-6-2008,new,,1
forum-of-free-enterprise,the-union-budget-2009-10-amitha-sehgal-august-2-2009.pdf,the-union-budget-2009-10-amitha-sehgal-august-2-2009,new,,1
forum-of-free-enterprise,the-union-budget-2010-prof-kanu-h-doshi-2010.pdf,the-union-budget-2010-prof-kanu-h-doshi-2010,new,,1
forum-of-free-enterprise,the-union-budget-2011-12-direct-taxi-mplications-kanu-h-doshi-april-3-2011.pdf,the-union-budget-2011-12-direct-taxi-mplications-kanu-h-doshi-april-3-2011,new,,1
forum-of-free-enterprise,the-union-budget-2011-12-economic-implications-&-impact-on-capital-market-kanu-h-doshi-march-3-2011.pdf,the-union-budget-2011-12-economic-implications-impact-on-capital-market-kanu-h-doshi-march-3-2011,new,,1
forum-of-free-enterprise,the-union-budget-2012-13--minoo-r-shroff-april-2-2012.pdf,the-union-budget-2012-13-minoo-r-shroff-april-2-2012,new,,1
forum-of-free-enterprise,the-union-budget-2013-minoo-r-shroff-april-2-2013.pdf,the-union-budget-2013-minoo-r-shroff-april-2-2013,new,,1
forum-of-free-enterprise,the-union-budget-2014-15-minoo-r-shroff-august-5-2014.pdf,the-union-budget-2014-15-minoo-r-shroff-august-5-2014,new,,1
forum-of-free-enterprise,the-union-budget-2016-17-yashwant-sinha-h-p-ranina-s-s-bhandare.pdf,the-union-budget-2016-17-yashwant-sinha-h-p-ranina-s-s-bhandare,new,,1
forum-of-free-enterprise,the-union-budget-2018-19-h-p-ranina-sunil-s-bhandare.pdf,the-union-budget-2018-19-h-p-ranina-sunil-s-bhandare,new,,1
forum-of-free-enterprise,third-five-year-plan-dr-a-krishnaswami-dec5-1961.pdf,third-five-year-plan-dr-a-krishnaswami-dec5-1961,new,,1
forum-of-free-enterprise,three-essays-on-controls-various-may7-1961.pdf,three-essays-on-controls-various-may7-1961,new,,1
forum-of-free-enterprise,top-ten-concerns-sunil-s-bhandare-may-3-2013.pdf,top-ten-concerns-sunil-s-bhandare-may-3-2013,new,,1
forum-of-free-enterprise,towards-a-healthy-india-a-call-for-action-dr-r-balasubramanian-dr-prashanth-n-srinivas.pdf,towards-a-healthy-india-a-call-for-action-dr-r-balasubramanian-dr-prashanth-n-srinivas,new,,1
forum-of-free-enterprise,towards-a-self-reliant-economy-lessons-of-the-past-murarji-j-vaidya-jan11-1966.pdf,towards-a-self-reliant-economy-lessons-of-the-past-murarji-j-vaidya-jan11-1966,new,,1
forum-of-free-enterprise,towards-a-telecommunication-revolution-in-india-by-t-h-chowdhary-february-15-1990.pdf,towards-a-telecommunication-revolution-in-india-by-t-h-chowdhary-february-15-1990,new,,1
forum-of-free-enterprise,towards-an-economical-administration-in-india-m-ruthnaswamy-august-22-1958.pdf,towards-an-economical-administration-in-india-m-ruthnaswamy-august-22-1958,new,,1
forum-of-free-enterprise,towards-greater-production-and-productivity-may-1964.pdf,towards-greater-production-and-productivity-may-1964,new,,1
forum-of-free-enterprise,towards-inclusive-information-technology-revolution-in-india-f-c-kohli-august-4-2009.pdf,towards-inclusive-information-technology-revolution-in-india-f-c-kohli-august-4-2009,new,,1
forum-of-free-enterprise,towards-our-safe-and-secure-energy-future-dr-anil-kakodkar-may-4-2011.pdf,towards-our-safe-and-secure-energy-future-dr-anil-kakodkar-may-4-2011,new,,1
forum-of-free-enterprise,towards-self-reliance-and-greater-productivity-y-a-fazalbhoy-b-t-dastur-april-12-1966.pdf,towards-self-reliance-and-greater-productivity-y-a-fazalbhoy-b-t-dastur-april-12-1966,new,,1
forum-of-free-enterprise,transition-in-civil-services-by-bk-nehru-2000.pdf,transition-in-civil-services-by-bk-nehru-2000,new,,1
forum-of-free-enterprise,transparency-accountability-rti-act-all-that-maja-daruwala-shailesh-gandhi.pdf,transparency-accountability-rti-act-all-that-maja-daruwala-shailesh-gandhi,new,,1
forum-of-free-enterprise,transport-in-our-developing-economy-dr-f-p-antia-oct9-1962.pdf,transport-in-our-developing-economy-dr-f-p-antia-oct9-1962,new,,1
forum-of-free-enterprise,trends-in-industrial-finance-in-india-and-elsewhere-mr-rashad-kaldany-april-29-1998.pdf,trends-in-industrial-finance-in-india-and-elsewhere-mr-rashad-kaldany-april-29-1998,new,,1
forum-of-free-enterprise,two-alarming-phenomena-by-sir-homi-mody-sl-kirloskar-and-mr-ramnivas-r-ruia-february-1957.pdf,two-alarming-phenomena-by-sir-homi-mody-sl-kirloskar-and-mr-ramnivas-r-ruia-february-1957,new,,1
forum-of-free-enterprise,two-essays-on-free-enterprises-f-a-hayek-aug9-1962.pdf,two-essays-on-free-enterprises-f-a-hayek-aug9-1962,new,,1
forum-of-free-enterprise,two-years-of-achievement-a-d-shroff-1958.pdf,two-years-of-achievement-a-d-shroff-1958,new,,1
forum-of-free-enterprise,unemployment-and-imbalances-in-the-indian-economy-dr-v-m-dandekar-october-1972.pdf,unemployment-and-imbalances-in-the-indian-economy-dr-v-m-dandekar-october-1972,new,,1
forum-of-free-enterprise,unemployment-in-india-b-k-nehru-august-12-1971.pdf,unemployment-in-india-b-k-nehru-august-12-1971,new,,1
forum-of-free-enterprise,union-budget-1979-80-an-opportunity-for-growth-missed-h-p-ranina-march-14-1979.pdf,union-budget-1979-80-an-opportunity-for-growth-missed-h-p-ranina-march-14-1979,new,,1
forum-of-free-enterprise,union-budget-1980-81-by-na-palkhiwala.pdf,union-budget-1980-81-by-na-palkhiwala,new,,1
forum-of-free-enterprise,union-budget-1980-81-gives-a-stunning-blow-to-the-industry-h-p-ranina-august-11-1980.pdf,union-budget-1980-81-gives-a-stunning-blow-to-the-industry-h-p-ranina-august-11-1980,new,,1
forum-of-free-enterprise,union-budget-1981-82-by-na-palkhivala.pdf,union-budget-1981-82-by-na-palkhivala,new,,1
forum-of-free-enterprise,union-budget-1981-82-will-not-stimulate-economy-by-hp-raina.pdf,union-budget-1981-82-will-not-stimulate-economy-by-hp-raina,new,,1
forum-of-free-enterprise,union-budget-1982-83-proposals-are-ineffective-h-p-ranina-april-12-1982.pdf,union-budget-1982-83-proposals-are-ineffective-h-p-ranina-april-12-1982,new,,1
forum-of-free-enterprise,union-budget-1983-83-by-na-palkivala.pdf,union-budget-1983-83-by-na-palkivala,new,,1
forum-of-free-enterprise,union-budget-1990-91-will-not-solve-economic-problems-by-hp-ranina-may-13-1990.pdf,union-budget-1990-91-will-not-solve-economic-problems-by-hp-ranina-may-13-1990,new,,1
forum-of-free-enterprise,union-budget-1995-96-cementing-the-reform-process-hp-ranina-april-14-1995.pdf,union-budget-1995-96-cementing-the-reform-process-hp-ranina-april-14-1995,new,,1
forum-of-free-enterprise,union-budget-1997-98-by-hp-ranina-march-15-1997.pdf,union-budget-1997-98-by-hp-ranina-march-15-1997,new,,1
forum-of-free-enterprise,union-budget-of-1989-90-provides-no-remedies-for-economic-ills-by-hp-ranina-april-12-1989.pdf,union-budget-of-1989-90-provides-no-remedies-for-economic-ills-by-hp-ranina-april-12-1989,new,,1
forum-of-free-enterprise,urban-and-rural-unemployment-in-india-dr-m-c-munshi-september-14-1973.pdf,urban-and-rural-unemployment-in-india-dr-m-c-munshi-september-14-1973,new,,1
forum-of-free-enterprise,value-of-accountants-to-modern-enterprise-p-l-tandon-jun10-1963.pdf,value-of-accountants-to-modern-enterprise-p-l-tandon-jun10-1963,new,,1
forum-of-free-enterprise,value-systems-in-public-service-by-ak-purwar-2003.pdf,value-systems-in-public-service-by-ak-purwar-2003,new,,1
forum-of-free-enterprise,vat-and-some-other-indirect-taxes-p-c-randeria-march-14-1977.pdf,vat-and-some-other-indirect-taxes-p-c-randeria-march-14-1977,new,,1
forum-of-free-enterprise,verma-committee-report-on-weak-banks-dr-a-c-shah.pdf,verma-committee-report-on-weak-banks-dr-a-c-shah,new,,1
forum-of-free-enterprise,wanchoo-committee-report-on-black-money-h-p-ranina.pdf,wanchoo-committee-report-on-black-money-h-p-ranina,new,,1
forum-of-free-enterprise,warning-soft-historyt-rends-k-m-munshi-jun7-1957.pdf,warning-soft-historyt-rends-k-m-munshi-jun7-1957,new,,1
forum-of-free-enterprise,water-futures-rohini-nilekani-december-3-2012.pdf,water-futures-rohini-nilekani-december-3-2012,new,,1
forum-of-free-enterprise,we-are-heading-towards-a-man-made-economic-crisis-by-ad-shroff-february-23-1957.pdf,we-are-heading-towards-a-man-made-economic-crisis-by-ad-shroff-february-23-1957,new,,1
forum-of-free-enterprise,wealth-and-expenditure-taxes-prof-r-j-taraporevala-sept6-1959.pdf,wealth-and-expenditure-taxes-prof-r-j-taraporevala-sept6-1959,new,,1
forum-of-free-enterprise,wealth-tax-january-1-1970.pdf,wealth-tax-january-1-1970,new,,1
forum-of-free-enterprise,what-india-needs-a-perspective-by-jiban-k-mukhopadhyay-2005.pdf,what-india-needs-a-perspective-by-jiban-k-mukhopadhyay-2005,new,,1
forum-of-free-enterprise,what-is-expected-of-management-trainee-in-private-eeterprise-by-Dr-Skumar-jain-September-5-1962.pdf,what-is-expected-of-management-trainee-in-private-eeterprise-by-dr-skumar-jain-september-5-1962,new,,1
forum-of-free-enterprise,what-makes-japan-tick-minoo-shroff-1988.pdf,what-makes-japan-tick-minoo-shroff-1988,new,,1
forum-of-free-enterprise,where-is-economic-power-being-concentrated-m-a-masters-august-8-1958.pdf,where-is-economic-power-being-concentrated-m-a-masters-august-8-1958,new,,1
forum-of-free-enterprise,whither-central-banking-h-v-r-iyengar-december-1972.pdf,whither-central-banking-h-v-r-iyengar-december-1972,new,,1
forum-of-free-enterprise,whither-indian-urbanisation-f-p-antia-1977.pdf,whither-indian-urbanisation-f-p-antia-1977,new,,1
forum-of-free-enterprise,why-are-prices-rising-g-d-somani-nov9-1962.pdf,why-are-prices-rising-g-d-somani-nov9-1962,new,,1
forum-of-free-enterprise,why-scarcities-d-r-pendse-c-v-mariwala-b-d-somani-m-r-meher-1974.pdf,why-scarcities-d-r-pendse-c-v-mariwala-b-d-somani-m-r-meher-1974,new,,1
forum-of-free-enterprise,will-10-point-programme-lead-to-socialism-professor-c-n-vakil-december-11-1967.pdf,will-10-point-programme-lead-to-socialism-professor-c-n-vakil-december-11-1967,new,,1
forum-of-free-enterprise,will-democratic-socialism-help-india-a-d-shroff-jan12-1964.pdf,will-democratic-socialism-help-india-a-d-shroff-jan12-1964,new,,1
forum-of-free-enterprise,working-of-commodities-markets-in-india-madan-sabnavis-july-4-2010.pdf,working-of-commodities-markets-in-india-madan-sabnavis-july-4-2010,new,,1
forum-of-free-enterprise,wto-and-indian-industry-2001.pdf,wto-and-indian-industry-2001,new,,1
forum-of-free-enterprise,your-prosperty-through-freedom-by-MR-Pai.pdf,your-prosperty-through-freedom-by-mr-pai,new,,1
forum-of-free-enterprise,youth-for-agricultural-transformation-prof-m-s-swaminathan-july-4-2011.pdf,youth-for-agricultural-transformation-prof-m-s-swaminathan-july-4-2011,new,,1
gujarati,khoj-november-december-2007.pdf,khoj-november-december-2007,new,,1
indian-liberal-group,basic-principles-march-2000.pdf,basic-principles-march-2000,new,,1
indian-liberal-group,newsletter-October-2001.pdf,newsletter-october-2001,new,,1
indian-liberal-group,newsletter-april-2002.pdf,newsletter-april-2002,new,,1
indian-liberal-group,the-retreat-after-socialism-bk-nehru.pdf,the-retreat-after-socialism-bk-nehru,new,,1
indian-liberal-group,trends-in-government-expenditure-april-2007.pdf,trends-in-government-expenditure-april-2007,new,,1
indian-liberal-group,union-budget-2002-03-liberal-point-of-view.pdf,union-budget-2002-03-liberal-point-of-view,new,,1
liberals,a-note-of-dissent-on-the-memorandum-of-the-panel-of-economists.pdf,a-note-of-dissent-on-the-memorandum-of-the-panel-of-economists,new,,1
liberals,budget-2000-01-&-drifting-towards-the-cliff-march-2000.pdf,budget-2000-01-drifting-towards-the-cliff-march-2000,new,,1
liberals,current-economic-environment-for-business-&-the-budget-we-need-february-1995.pdf,current-economic-environment-for-business-the-budget-we-need-february-1995,new,,1
liberals,economic-situation-and-trends-in-ceylon-a-programme-of-reform.pdf,economic-situation-and-trends-in-ceylon-a-programme-of-reform,new,,1
liberals,four-wheels-for-all-the-case-of-rapid-automobilisation-of-india.pdf,four-wheels-for-all-the-case-of-rapid-automobilisation-of-india,new,,1
liberals,free-your-mind-a-beginners-guide-to-political-economy.pdf,free-your-mind-a-beginners-guide-to-political-economy,new,,1
liberals,from-the-hair-of-shiva-to-the-hair-of-the-prophet-and-other-essays.pdf,from-the-hair-of-shiva-to-the-hair-of-the-prophet-and-other-essays,new,,1
liberals,indian-thought-through-the-ages-a-study-of-some-dominant-concepts.pdf,indian-thought-through-the-ages-a-study-of-some-dominant-concepts,new,,1
liberals,is-vdis-a-success-january-1998.pdf,is-vdis-a-success-january-1998,new,,1
liberals,m-r-pai-the-story-of-an-uncommon-man-by-s-v-raju-2008.pdf,m-r-pai-the-story-of-an-uncommon-man-by-s-v-raju-2008,new,,1
liberals,making-indian-industry-globally-competitive-15-may-1995.pdf,making-indian-industry-globally-competitive-15-may-1995,review,making-indian-industry-globally-competitive,1
liberals,minoo-masani-at-90-freedom-first-1995.pdf,minoo-masani-at-90-freedom-first-1995,new,,1
liberals,natural-order-essays-exploring-civil-government-and-the-rule-of-law.pdf,natural-order-essays-exploring-civil-government-and-the-rule-of-law,new,,1
liberals,new-public-management-escape-from-babudom.pdf,new-public-management-escape-from-babudom,new,,1
liberals,our-india.pdf,our-india,new,,1
liberals,peter-bauer-a-true-friend-of-the-worlds-poor-ccs-viewpoint-4.pdf,peter-bauer-a-true-friend-of-the-worlds-poor-ccs-viewpoint-4,new,,1
liberals,population-causes-prosperity-ccs-viewpoint-2.pdf,population-causes-prosperity-ccs-viewpoint-2,review,population-causes-prosperity,1
liberals,shenoy-hayek-correspondences-set-i-hoover-institution-archives.pdf,shenoy-hayek-correspondences-set-i-hoover-institution-archives,new,,1
liberals,shenoy-hayek-correspondences-set-ii-hoover-institution-archives.pdf,shenoy-hayek-correspondences-set-ii-hoover-institution-archives,new,,1
liberals,speech-made-by-c-rajagopalachari-at-the-swearing-in-ceremony-for-the-position-of-governor-general-of-india.pdf,speech-made-by-c-rajagopalachari-at-the-swearing-in-ceremony-for-the-position-of-governor-general-of-india,new,,1
liberals,the-economic-and-social-history-of-continental-europe-and-britain-c-1000-1914-an-introductory-annota.pdf,the-economic-and-social-history-of-continental-europe-and-britain-c-1000-1914-an-introductory-annota,new,,1
liberals,the-essential-frederic-bastist.pdf,the-essential-frederic-bastist,new,,1
liberals,the-indian-libertarian-april-1-1959.pdf,the-indian-libertarian-april-1-1959,new,,1
liberals,the-indian-libertarian-february-1-1958.pdf,the-indian-libertarian-february-1-1958,review,the-indian-libertarian-apr1-1958,1
liberals,the-indian-libertarian-june-15-1957.pdf,the-indian-libertarian-june-15-1957,new,,1
liberals,the-indian-libertarian-sep-1-1957.pdf,the-indian-libertarian-sep-1-1957,review,the-indian-libertarian-apr1-1957,1
liberals,the-supreme-courts-judgement-on-the-constitution-42nd-amendment-act-1976-20-june-1980.pdf,the-supreme-courts-judgement-on-the-constitution-42nd-amendment-act-1976-20-june-1980,new,,1
liberals,the-union-budget-1995-96-bypassing-parliamentary-select-committee-21-march-1995.pdf,the-union-budget-1995-96-bypassing-parliamentary-select-committee-21-march-1995,new,,1
liberals,towards-a-responsible-press-shri-c-rajagopalachari-speeches-on-the-press-bill-in-parliament.pdf,towards-a-responsible-press-shri-c-rajagopalachari-speeches-on-the-press-bill-in-parliament,new,,1
liberals,visionaries-of-a-new-bharat-shetkari-sanghatana.pdf,visionaries-of-a-new-bharat-shetkari-sanghatana,new,,1
liberals,we-indians-minoo-masani-1989.pdf,we-indians-minoo-masani-1989,new,,1
marathi,soviet-samarajya-uday-ani-astha-original-c-1.pdf,soviet-samarajya-uday-ani-astha-original-c-1,new,,1
marathi,soviet-samarajya-uday-ani-astha-translated-c-1.pdf,soviet-samarajya-uday-ani-astha-translated-c-1,new,,1
other-publications,at-liberty-to-express-and-offend.pdf,at-liberty-to-express-and-offend,new,,1
other-publications,emerging-challenges-to-civil-society.pdf,emerging-challenges-to-civil-society,new,,1
other-publications,handbook-for-transformation-to-market-economy.pdf,handbook-for-transformation-to-market-economy,new,,1
other-publications,young-asians-call-to-freedom.pdf,young-asians-call-to-freedom,new,,1
shetkari-sanghatak,shetkari-sanghatak-april-21-1995.pdf,shetkari-sanghatak-april-21-1995,new,,1
shetkari-sanghatak,shetkari-sanghatak-april-6-1992.pdf,shetkari-sanghatak-april-6-1992,review,shetkari-sanghatak-april-21-1992,1
shetkari-sanghatak,shetkari-sanghatak-aug-21-1991.pdf,shetkari-sanghatak-aug-21-1991,new,,1
shetkari-sanghatak,shetkari-sanghatak-aug-21-1992.pdf,shetkari-sanghatak-aug-21-1992,review,shetkari-sanghatak-april-21-1992,1
shetkari-sanghatak,shetkari-sanghatak-aug-21-1995.pdf,shetkari-sanghatak-aug-21-1995,new,,1
shetkari-sanghatak,shetkari-sanghatak-aug-6-1995.pdf,shetkari-sanghatak-aug-6-1995,new,,1
shetkari-sanghatak,shetkari-sanghatak-august-6-1992.pdf,shetkari-sanghatak-august-6-1992,new,,1
shetkari-sanghatak,shetkari-sanghatak-dec-21-1991.pdf,shetkari-sanghatak-dec-21-1991,new,,1
shetkari-sanghatak,shetkari-sanghatak-dec-21-1992.pdf,shetkari-sanghatak-dec-21-1992,review,shetkari-sanghatak-april-21-1992,1
shetkari-sanghatak,shetkari-sanghatak-dec-21-1994.pdf,shetkari-sanghatak-dec-21-1994,new,,1
shetkari-sanghatak,shetkari-sanghatak-dec-28-1995.pdf,shetkari-sanghatak-dec-28-1995,new,,1
shetkari-sanghatak,shetkari-sanghatak-dec-6-1992.pdf,shetkari-sanghatak-dec-6-1992,new,,1
shetkari-sanghatak,shetkari-sanghatak-dec-6-1994.pdf,shetkari-sanghatak-dec-6-1994,new,,1
shetkari-sanghatak,shetkari-sanghatak-dec-6-1995.pdf,shetkari-sanghatak-dec-6-1995,new,,1
shetkari-sanghatak,shetkari-sanghatak-feb-21-1995.pdf,shetkari-sanghatak-feb-21-1995,new,,1
shetkari-sanghatak,shetkari-sanghatak-feb-6-1992.pdf,shetkari-sanghatak-feb-6-1992,new,,1
shetkari-sanghatak,shetkari-sanghatak-feb-6-1994.pdf,shetkari-sanghatak-feb-6-1994,new,,1
shetkari-sanghatak,shetkari-sanghatak-jan-21-1994.pdf,shetkari-sanghatak-jan-21-1994,new,,1
shetkari-sanghatak,shetkari-sanghatak-jan-21-1995.pdf,shetkari-sanghatak-jan-21-1995,new,,1
shetkari-sanghatak,shetkari-sanghatak-jan-6-1992.pdf,shetkari-sanghatak-jan-6-1992,new,,1
shetkari-sanghatak,shetkari-sanghatak-jan-6-1994.pdf,shetkari-sanghatak-jan-6-1994,new,,1
shetkari-sanghatak,shetkari-sanghatak-july-21-1991.pdf,shetkari-sanghatak-july-21-1991,new,,1
shetkari-sanghatak,shetkari-sanghatak-july-21-1992.pdf,shetkari-sanghatak-july-21-1992,review,shetkari-sanghatak-april-21-1992,1
shetkari-sanghatak,shetkari-sanghatak-july-6-1992.pdf,shetkari-sanghatak-july-6-1992,new,,1
shetkari-sanghatak,shetkari-sanghatak-july-6-1995.pdf,shetkari-sanghatak-july-6-1995,new,,1
shetkari-sanghatak,shetkari-sanghatak-june-21-1992.pdf,shetkari-sanghatak-june-21-1992,review,shetkari-sanghatak-april-21-1992,1
shetkari-sanghatak,shetkari-sanghatak-june-21-1995.pdf,shetkari-sanghatak-june-21-1995,new,,1
shetkari-sanghatak,shetkari-sanghatak-june-6-1992.pdf,shetkari-sanghatak-june-6-1992,new,,1
shetkari-sanghatak,shetkari-sanghatak-march-21-1992.pdf,shetkari-sanghatak-march-21-1992,review,shetkari-sanghatak-april-21-1992,1
shetkari-sanghatak,shetkari-sanghatak-march-21-1995.pdf,shetkari-sanghatak-march-21-1995,new,,1
shetkari-sanghatak,shetkari-sanghatak-march-6-1992.pdf,shetkari-sanghatak-march-6-1992,new,,1
shetkari-sanghatak,shetkari-sanghatak-may-21-1995.pdf,shetkari-sanghatak-may-21-1995,new,,1
shetkari-sanghatak,shetkari-sanghatak-may-6-1992.pdf,shetkari-sanghatak-may-6-1992,new,,1
shetkari-sanghatak,shetkari-sanghatak-nov-21-1991.pdf,shetkari-sanghatak-nov-21-1991,new,,1
shetkari-sanghatak,shetkari-sanghatak-nov-21-1992.pdf,shetkari-sanghatak-nov-21-1992,review,shetkari-sanghatak-april-21-1992,1
shetkari-sanghatak,shetkari-sanghatak-nov-21-1994.pdf,shetkari-sanghatak-nov-21-1994,new,,1
shetkari-sanghatak,shetkari-sanghatak-nov-6-1991.pdf,shetkari-sanghatak-nov-6-1991,new,,1
shetkari-sanghatak,shetkari-sanghatak-nov-6-1992.pdf,shetkari-sanghatak-nov-6-1992,new,,1
shetkari-sanghatak,shetkari-sanghatak-nov-6-1994.pdf,shetkari-sanghatak-nov-6-1994,new,,1
shetkari-sanghatak,shetkari-sanghatak-nov-6-1995.pdf,shetkari-sanghatak-nov-6-1995,new,,1
shetkari-sanghatak,shetkari-sanghatak-oct-21-1991.pdf,shetkari-sanghatak-oct-21-1991,new,,1
shetkari-sanghatak,shetkari-sanghatak-oct-21-1992.pdf,shetkari-sanghatak-oct-21-1992,review,shetkari-sanghatak-april-21-1992,1
shetkari-sanghatak,shetkari-sanghatak-oct-21-1994.pdf,shetkari-sanghatak-oct-21-1994,new,,1
shetkari-sanghatak,shetkari-sanghatak-oct-21-1995.pdf,shetkari-sanghatak-oct-21-1995,new,,1
shetkari-sanghatak,shetkari-sanghatak-oct-6-1992.pdf,shetkari-sanghatak-oct-6-1992,new,,1
shetkari-sanghatak,shetkari-sanghatak-oct-6-1994.pdf,shetkari-sanghatak-oct-6-1994,new,,1
shetkari-sanghatak,shetkari-sanghatak-oct-6-1995.pdf,shetkari-sanghatak-oct-6-1995,new,,1
shetkari-sanghatak,shetkari-sanghatak-sept-21-1991.pdf,shetkari-sanghatak-sept-21-1991,new,,1
shetkari-sanghatak,shetkari-sanghatak-sept-21-1992.pdf,shetkari-sanghatak-sept-21-1992,review,shetkari-sanghatak-april-21-1992,1
shetkari-sanghatak,shetkari-sanghatak-sept-21-1995.pdf,shetkari-sanghatak-sept-21-1995,new,,1
shetkari-sanghatak,shetkari-sanghatak-sept-6-1992.pdf,shetkari-sanghatak-sept-6-1992,new,,1
shetkari-sanghatak,shetkari-sanghatak-sept-6-1994.pdf,shetkari-sanghatak-sept-6-1994,new,,1
swatantra-party,statement-of-principles-of-the-swatantra-party-aug2-1959.pdf,statement-of-principles-of-the-swatantra-party-aug2-1959,review,statement-of-principles-of-swatantra-party,1
the-indian-libertarian,the-indian-libertarian-apr1-1959.pdf,the-indian-libertarian-apr1-1959,new,,1
the-indian-libertarian,the-indian-libertarian-apr1-1961.pdf,the-indian-libertarian-apr1-1961,new,,1
the-indian-libertarian,the-indian-libertarian-apr1-1962-2.pdf,the-indian-libertarian-apr1-1962-2,new,,1
the-indian-libertarian,the-indian-libertarian-apr1-1962.pdf,the-indian-libertarian-apr1-1962,new,,1
the-indian-libertarian,the-indian-libertarian-apr15-1957.pdf,the-indian-libertarian-apr15-1957,review,the-indian-libertarian-apr1-1957,1
the-indian-libertarian,the-indian-libertarian-apr15-1958.pdf,the-indian-libertarian-apr15-1958,review,the-indian-libertarian-apr1-1958,1
the-indian-libertarian,the-indian-libertarian-apr15-1959.pdf,the-indian-libertarian-apr15-1959,new,,1
the-indian-libertarian,the-indian-libertarian-apr15-1960.pdf,the-indian-libertarian-apr15-1960,review,the-indian-libertarian-apr1-1960,1
the-indian-libertarian,the-indian-libertarian-apr15-1961.pdf,the-indian-libertarian-apr15-1961,new,,1
the-indian-libertarian,the-indian-libertarian-apr15-1962.pdf,the-indian-libertarian-apr15-1962,new,,1
the-indian-libertarian,the-indian-libertarian-apr15-1963.pdf,the-indian-libertarian-apr15-1963,review,the-indian-libertarian-apr1-1963,1
the-indian-libertarian,the-indian-libertarian-aug1-1957.pdf,the-indian-libertarian-aug1-1957,review,the-indian-libertarian-apr1-1957,1
the-indian-libertarian,the-indian-libertarian-aug1-1958.pdf,the-indian-libertarian-aug1-1958,review,the-indian-libertarian-apr1-1958,1
the-indian-libertarian,the-indian-libertarian-aug1-1959.pdf,the-indian-libertarian-aug1-1959,new,,1
the-indian-libertarian,the-indian-libertarian-aug1-1960.pdf,the-indian-libertarian-aug1-1960,review,the-indian-libertarian-apr1-1960,1
the-indian-libertarian,the-indian-libertarian-aug1-1961.pdf,the-indian-libertarian-aug1-1961,new,,1
the-indian-libertarian,the-indian-libertarian-aug1-1962.pdf,the-indian-libertarian-aug1-1962,new,,1
the-indian-libertarian,the-indian-libertarian-aug1-1963.pdf,the-indian-libertarian-aug1-1963,review,the-indian-libertarian-apr1-1963,1
the-indian-libertarian,the-indian-libertarian-aug15-1957.pdf,the-indian-libertarian-aug15-1957,review,the-indian-libertarian-apr1-1957,1
the-indian-libertarian,the-indian-libertarian-aug15-1959.pdf,the-indian-libertarian-aug15-1959,new,,1
the-indian-libertarian,the-indian-libertarian-aug15-1960.pdf,the-indian-libertarian-aug15-1960,review,the-indian-libertarian-apr1-1960,1
the-indian-libertarian,the-indian-libertarian-aug15-1961.pdf,the-indian-libertarian-aug15-1961,new,,1
the-indian-libertarian,the-indian-libertarian-aug15-1962.pdf,the-indian-libertarian-aug15-1962,new,,1
the-indian-libertarian,the-indian-libertarian-aug15-1963.pdf,the-indian-libertarian-aug15-1963,review,the-indian-libertarian-apr1-1963,1
the-indian-libertarian,the-indian-libertarian-aug15-1972.pdf,the-indian-libertarian-aug15-1972,new,,1
the-indian-libertarian,the-indian-libertarian-dec1-1957.pdf,the-indian-libertarian-dec1-1957,review,the-indian-libertarian-apr1-1957,1
the-indian-libertarian,the-indian-libertarian-dec1-1958.pdf,the-indian-libertarian-dec1-1958,review,the-indian-libertarian-apr1-1958,1
the-indian-libertarian,the-indian-libertarian-dec1-1959.pdf,the-indian-libertarian-dec1-1959,new,,1
the-indian-libertarian,the-indian-libertarian-dec1-1960.pdf,the-indian-libertarian-dec1-1960,review,the-indian-libertarian-apr1-1960,1
the-indian-libertarian,the-indian-libertarian-dec1-1961.pdf,the-indian-libertarian-dec1-1961,new,,1
the-indian-libertarian,the-indian-libertarian-dec1-1962.pdf,the-indian-libertarian-dec1-1962,new,,1
the-indian-libertarian,the-indian-libertarian-dec1-1963.pdf,the-indian-libertarian-dec1-1963,review,the-indian-libertarian-apr1-1963,1
the-indian-libertarian,the-indian-libertarian-dec15-1957.pdf,the-indian-libertarian-dec15-1957,review,the-indian-libertarian-apr1-1957,1
the-indian-libertarian,the-indian-libertarian-dec15-1959.pdf,the-indian-libertarian-dec15-1959,new,,1
the-indian-libertarian,the-indian-libertarian-dec15-1961.pdf,the-indian-libertarian-dec15-1961,new,,1
the-indian-libertarian,the-indian-libertarian-dec15-1962.pdf,the-indian-libertarian-dec15-1962,new,,1
the-indian-libertarian,the-indian-libertarian-dec15-1963.pdf,the-indian-libertarian-dec15-1963,review,the-indian-libertarian-apr1-1963,1
the-indian-libertarian,the-indian-libertarian-feb1-1958.pdf,the-indian-libertarian-feb1-1958,review,the-indian-libertarian-apr1-1958,1
the-indian-libertarian,the-indian-libertarian-feb1-1959.pdf,the-indian-libertarian-feb1-1959,new,,1
the-indian-libertarian,the-indian-libertarian-feb1-1960.pdf,the-indian-libertarian-feb1-1960,review,the-indian-libertarian-apr1-1960,1
the-indian-libertarian,the-indian-libertarian-feb1-1961.pdf,the-indian-libertarian-feb1-1961,new,,1
the-indian-libertarian,the-indian-libertarian-feb1-1962.pdf,the-indian-libertarian-feb1-1962,new,,1
the-indian-libertarian,the-indian-libertarian-feb1-1963.pdf,the-indian-libertarian-feb1-1963,review,the-indian-libertarian-apr1-1963,1
the-indian-libertarian,the-indian-libertarian-feb1-1964.pdf,the-indian-libertarian-feb1-1964,new,,1
the-indian-libertarian,the-indian-libertarian-feb1-1973.pdf,the-indian-libertarian-feb1-1973,new,,1
the-indian-libertarian,the-indian-libertarian-feb15-1958.pdf,the-indian-libertarian-feb15-1958,review,the-indian-libertarian-apr1-1958,1
the-indian-libertarian,the-indian-libertarian-feb15-1960.pdf,the-indian-libertarian-feb15-1960,review,the-indian-libertarian-apr1-1960,1
the-indian-libertarian,the-indian-libertarian-feb15-1961.pdf,the-indian-libertarian-feb15-1961,new,,1
the-indian-libertarian,the-indian-libertarian-feb15-1962.pdf,the-indian-libertarian-feb15-1962,new,,1
the-indian-libertarian,the-indian-libertarian-feb15-1963.pdf,the-indian-libertarian-feb15-1963,review,the-indian-libertarian-apr1-1963,1
the-indian-libertarian,the-indian-libertarian-jan-1971-2.pdf,the-indian-libertarian-jan-1971-2,new,,1
the-indian-libertarian,the-indian-libertarian-jan-1971.pdf,the-indian-libertarian-jan-1971,new,,1
the-indian-libertarian,the-indian-libertarian-jan1-1958.pdf,the-indian-libertarian-jan1-1958,review,the-indian-libertarian-apr1-1958,1
the-indian-libertarian,the-indian-libertarian-jan1-1959.pdf,the-indian-libertarian-jan1-1959,new,,1
the-indian-libertarian,the-indian-libertarian-jan1-1960.pdf,the-indian-libertarian-jan1-1960,review,the-indian-libertarian-apr1-1960,1
the-indian-libertarian,the-indian-libertarian-jan1-1961.pdf,the-indian-libertarian-jan1-1961,new,,1
the-indian-libertarian,the-indian-libertarian-jan1-1962.pdf,the-indian-libertarian-jan1-1962,new,,1
the-indian-libertarian,the-indian-libertarian-jan1-1963.pdf,the-indian-libertarian-jan1-1963,review,the-indian-libertarian-apr1-1963,1
the-indian-libertarian,the-indian-libertarian-jan1-1964.pdf,the-indian-libertarian-jan1-1964,new,,1
the-indian-libertarian,the-indian-libertarian-jan15-1958.pdf,the-indian-libertarian-jan15-1958,review,the-indian-libertarian-apr1-1958,1
the-indian-libertarian,the-indian-libertarian-jan15-1959.pdf,the-indian-libertarian-jan15-1959,new,,1
the-indian-libertarian,the-indian-libertarian-jan15-1960.pdf,the-indian-libertarian-jan15-1960,review,the-indian-libertarian-apr1-1960,1
the-indian-libertarian,the-indian-libertarian-jan15-1961.pdf,the-indian-libertarian-jan15-1961,new,,1
the-indian-libertarian,the-indian-libertarian-jan15-1962.pdf,the-indian-libertarian-jan15-1962,new,,1
the-indian-libertarian,the-indian-libertarian-jan15-1963.pdf,the-indian-libertarian-jan15-1963,review,the-indian-libertarian-apr1-1963,1
the-indian-libertarian,the-indian-libertarian-jan15-1964.pdf,the-indian-libertarian-jan15-1964,new,,1
the-indian-libertarian,the-indian-libertarian-jul1-1957.pdf,the-indian-libertarian-jul1-1957,review,the-indian-libertarian-apr1-1957,1
the-indian-libertarian,the-indian-libertarian-jul1-1958.pdf,the-indian-libertarian-jul1-1958,review,the-indian-libertarian-apr1-1958,1
the-indian-libertarian,the-indian-libertarian-jul1-1959.pdf,the-indian-libertarian-jul1-1959,new,,1
the-indian-libertarian,the-indian-libertarian-jul1-1960.pdf,the-indian-libertarian-jul1-1960,review,the-indian-libertarian-apr1-1960,1
the-indian-libertarian,the-indian-libertarian-jul1-1962.pdf,the-indian-libertarian-jul1-1962,new,,1
the-indian-libertarian,the-indian-libertarian-jul15-1957.pdf,the-indian-libertarian-jul15-1957,review,the-indian-libertarian-apr1-1957,1
the-indian-libertarian,the-indian-libertarian-jul15-1959.pdf,the-indian-libertarian-jul15-1959,new,,1
the-indian-libertarian,the-indian-libertarian-jul15-1960.pdf,the-indian-libertarian-jul15-1960,review,the-indian-libertarian-apr1-1960,1
the-indian-libertarian,the-indian-libertarian-jul15-1961.pdf,the-indian-libertarian-jul15-1961,new,,1
the-indian-libertarian,the-indian-libertarian-jul15-1962.pdf,the-indian-libertarian-jul15-1962,new,,1
the-indian-libertarian,the-indian-libertarian-jul15-1963.pdf,the-indian-libertarian-jul15-1963,review,the-indian-libertarian-apr1-1963,1
the-indian-libertarian,the-indian-libertarian-jun1-1957.pdf,the-indian-libertarian-jun1-1957,review,the-indian-libertarian-apr1-1957,1
the-indian-libertarian,the-indian-libertarian-jun1-1958.pdf,the-indian-libertarian-jun1-1958,review,the-indian-libertarian-apr1-1958,1
the-indian-libertarian,the-indian-libertarian-jun1-1959.pdf,the-indian-libertarian-jun1-1959,new,,1
the-indian-libertarian,the-indian-libertarian-jun1-1960.pdf,the-indian-libertarian-jun1-1960,review,the-indian-libertarian-apr1-1960,1
the-indian-libertarian,the-indian-libertarian-jun1-1961.pdf,the-indian-libertarian-jun1-1961,new,,1
the-indian-libertarian,the-indian-libertarian-jun1-1962.pdf,the-indian-libertarian-jun1-1962,new,,1
the-indian-libertarian,the-indian-libertarian-jun1-1963.pdf,the-indian-libertarian-jun1-1963,review,the-indian-libertarian-apr1-1963,1
the-indian-libertarian,the-indian-libertarian-jun15-1958.pdf,the-indian-libertarian-jun15-1958,review,the-indian-libertarian-apr1-1958,1
the-indian-libertarian,the-indian-libertarian-jun15-1959.pdf,the-indian-libertarian-jun15-1959,new,,1
the-indian-libertarian,the-indian-libertarian-jun15-1960.pdf,the-indian-libertarian-jun15-1960,review,the-indian-libertarian-apr1-1960,1
the-indian-libertarian,the-indian-libertarian-jun15-1961.pdf,the-indian-libertarian-jun15-1961,new,,1
the-indian-libertarian,the-indian-libertarian-jun15-1962.pdf,the-indian-libertarian-jun15-1962,new,,1
the-indian-libertarian,the-indian-libertarian-mar1-1958.pdf,the-indian-libertarian-mar1-1958,review,the-indian-libertarian-apr1-1958,1
the-indian-libertarian,the-indian-libertarian-mar1-1959.pdf,the-indian-libertarian-mar1-1959,new,,1
the-indian-libertarian,the-indian-libertarian-mar1-1960.pdf,the-indian-libertarian-mar1-1960,review,the-indian-libertarian-apr1-1960,1
the-indian-libertarian,the-indian-libertarian-mar1-1961.pdf,the-indian-libertarian-mar1-1961,new,,1
the-indian-libertarian,the-indian-libertarian-mar1-1962.pdf,the-indian-libertarian-mar1-1962,new,,1
the-indian-libertarian,the-indian-libertarian-mar1-1963.pdf,the-indian-libertarian-mar1-1963,review,the-indian-libertarian-apr1-1963,1
the-indian-libertarian,the-indian-libertarian-mar1-1964.pdf,the-indian-libertarian-mar1-1964,new,,1
the-indian-libertarian,the-indian-libertarian-mar15-1957.pdf,the-indian-libertarian-mar15-1957,review,the-indian-libertarian-apr1-1957,1
the-indian-libertarian,the-indian-libertarian-mar15-1958.pdf,the-indian-libertarian-mar15-1958,review,the-indian-libertarian-apr1-1958,1
the-indian-libertarian,the-indian-libertarian-mar15-1961.pdf,the-indian-libertarian-mar15-1961,new,,1
the-indian-libertarian,the-indian-libertarian-mar15-1962.pdf,the-indian-libertarian-mar15-1962,new,,1
the-indian-libertarian,the-indian-libertarian-mar15-1963.pdf,the-indian-libertarian-mar15-1963,review,the-indian-libertarian-apr1-1963,1
the-indian-libertarian,the-indian-libertarian-may1-1957.pdf,the-indian-libertarian-may1-1957,review,the-indian-libertarian-apr1-1957,1
the-indian-libertarian,the-indian-libertarian-may1-1958.pdf,the-indian-libertarian-may1-1958,review,the-indian-libertarian-apr1-1958,1
the-indian-libertarian,the-indian-libertarian-may1-1959.pdf,the-indian-libertarian-may1-1959,new,,1
the-indian-libertarian,the-indian-libertarian-may1-1960.pdf,the-indian-libertarian-may1-1960,review,the-indian-libertarian-apr1-1960,1
the-indian-libertarian,the-indian-libertarian-may1-1961.pdf,the-indian-libertarian-may1-1961,new,,1
the-indian-libertarian,the-indian-libertarian-may1-1962.pdf,the-indian-libertarian-may1-1962,new,,1
the-indian-libertarian,the-indian-libertarian-may1-1963.pdf,the-indian-libertarian-may1-1963,review,the-indian-libertarian-apr1-1963,1
the-indian-libertarian,the-indian-libertarian-may1-1967.pdf,the-indian-libertarian-may1-1967,new,,1
the-indian-libertarian,the-indian-libertarian-may15-1957.pdf,the-indian-libertarian-may15-1957,review,the-indian-libertarian-apr1-1957,1
the-indian-libertarian,the-indian-libertarian-may15-1958.pdf,the-indian-libertarian-may15-1958,review,the-indian-libertarian-apr1-1958,1
the-indian-libertarian,the-indian-libertarian-may15-1959.pdf,the-indian-libertarian-may15-1959,new,,1
the-indian-libertarian,the-indian-libertarian-may15-1960.pdf,the-indian-libertarian-may15-1960,review,the-indian-libertarian-apr1-1960,1
the-indian-libertarian,the-indian-libertarian-may15-1962.pdf,the-indian-libertarian-may15-1962,new,,1
the-indian-libertarian,the-indian-libertarian-may15-1963.pdf,the-indian-libertarian-may15-1963,review,the-indian-libertarian-apr1-1963,1
the-indian-libertarian,the-indian-libertarian-nov1-1958.pdf,the-indian-libertarian-nov1-1958,review,the-indian-libertarian-apr1-1958,1
the-indian-libertarian,the-indian-libertarian-nov1-1959.pdf,the-indian-libertarian-nov1-1959,new,,1
the-indian-libertarian,the-indian-libertarian-nov1-1960.pdf,the-indian-libertarian-nov1-1960,review,the-indian-libertarian-apr1-1960,1
the-indian-libertarian,the-indian-libertarian-nov1-1961.pdf,the-indian-libertarian-nov1-1961,new,,1
the-indian-libertarian,the-indian-libertarian-nov1-1962.pdf,the-indian-libertarian-nov1-1962,new,,1
the-indian-libertarian,the-indian-libertarian-nov1-1963.pdf,the-indian-libertarian-nov1-1963,review,the-indian-libertarian-apr1-1963,1
the-indian-libertarian,the-indian-libertarian-nov15-1957.pdf,the-indian-libertarian-nov15-1957,review,the-indian-libertarian-apr1-1957,1
the-indian-libertarian,the-indian-libertarian-nov15-1958.pdf,the-indian-libertarian-nov15-1958,review,the-indian-libertarian-apr1-1958,1
the-indian-libertarian,the-indian-libertarian-nov15-1959.pdf,the-indian-libertarian-nov15-1959,new,,1
the-indian-libertarian,the-indian-libertarian-nov15-1961.pdf,the-indian-libertarian-nov15-1961,new,,1
the-indian-libertarian,the-indian-libertarian-nov15-1962.pdf,the-indian-libertarian-nov15-1962,new,,1
the-indian-libertarian,the-indian-libertarian-nov15-1963.pdf,the-indian-libertarian-nov15-1963,review,the-indian-libertarian-apr1-1963,1
the-indian-libertarian,the-indian-libertarian-oct1-1957.pdf,the-indian-libertarian-oct1-1957,review,the-indian-libertarian-apr1-1957,1
the-indian-libertarian,the-indian-libertarian-oct1-1958.pdf,the-indian-libertarian-oct1-1958,review,the-indian-libertarian-apr1-1958,1
the-indian-libertarian,the-indian-libertarian-oct1-1959.pdf,the-indian-libertarian-oct1-1959,new,,1
the-indian-libertarian,the-indian-libertarian-oct1-1960.pdf,the-indian-libertarian-oct1-1960,review,the-indian-libertarian-apr1-1960,1
the-indian-libertarian,the-indian-libertarian-oct1-1961.pdf,the-indian-libertarian-oct1-1961,new,,1
the-indian-libertarian,the-indian-libertarian-oct1-1962.pdf,the-indian-libertarian-oct1-1962,new,,1
the-indian-libertarian,the-indian-libertarian-oct15-1957.pdf,the-indian-libertarian-oct15-1957,review,the-indian-libertarian-apr1-1957,1
the-indian-libertarian,the-indian-libertarian-oct15-1958.pdf,the-indian-libertarian-oct15-1958,review,the-indian-libertarian-apr1-1958,1
the-indian-libertarian,the-indian-libertarian-oct15-1959.pdf,the-indian-libertarian-oct15-1959,new,,1
the-indian-libertarian,the-indian-libertarian-oct15-1960.pdf,the-indian-libertarian-oct15-1960,review,the-indian-libertarian-apr1-1960,1
the-indian-libertarian,the-indian-libertarian-oct15-1961.pdf,the-indian-libertarian-oct15-1961,new,,1
the-indian-libertarian,the-indian-libertarian-oct15-1962.pdf,the-indian-libertarian-oct15-1962,new,,1
the-indian-libertarian,the-indian-libertarian-oct15-1963.pdf,the-indian-libertarian-oct15-1963,review,the-indian-libertarian-apr1-1963,1
the-indian-libertarian,the-indian-libertarian-sep1-1959.pdf,the-indian-libertarian-sep1-1959,new,,1
the-indian-libertarian,the-indian-libertarian-sep1-1960.pdf,the-indian-libertarian-sep1-1960,review,the-indian-libertarian-apr1-1960,1
the-indian-libertarian,the-indian-libertarian-sep1-1961.pdf,the-indian-libertarian-sep1-1961,new,,1
the-indian-libertarian,the-indian-libertarian-sep15-1959.pdf,the-indian-libertarian-sep15-1959,new,,1
the-indian-libertarian,the-indian-libertarian-sep15-1960.pdf,the-indian-libertarian-sep15-1960,review,the-indian-libertarian-apr1-1960,1
the-indian-libertarian,the-indian-libertarian-sep15-1961.pdf,the-indian-libertarian-sep15-1961,new,,1
the-indian-libertarian,the-indian-libertarian-sept1-1957.pdf,the-indian-libertarian-sept1-1957,review,the-indian-libertarian-apr1-1957,1
the-indian-libertarian,the-indian-libertarian-sept1-1958.pdf,the-indian-libertarian-sept1-1958,review,the-indian-libertarian-apr1-1958,1
the-indian-libertarian,the-indian-libertarian-sept1-1962.pdf,the-indian-libertarian-sept1-1962,new,,1
the-indian-libertarian,the-indian-libertarian-sept1-1963.pdf,the-indian-libertarian-sept1-1963,review,the-indian-libertarian-apr1-1963,1
the-indian-libertarian,the-indian-libertarian-sept15-1957.pdf,the-indian-libertarian-sept15-1957,review,the-indian-libertarian-apr1-1957,1
the-indian-libertarian,the-indian-libertarian-sept15-1958.pdf,the-indian-libertarian-sept15-1958,review,the-indian-libertarian-apr1-1958,1
the-indian-libertarian,the-indian-libertarian-sept15-1962.pdf,the-indian-libertarian-sept15-1962,new,,1
the-indian-libertarian,the-indian-libertarian-sept15-1963.pdf,the-indian-libertarian-sept15-1963,review,the-indian-libertarian-apr1-1963,1
