byline	count
B. S. D. Baliga	1
V. R. DALAL	1
G. D. Somani	1
T. A. PAI	1
M. R. MAYYA	1
CANDIDUS	1
S. BHOOTHALINGAM	1
K. P. Geethakrishnan	1
Y. M. L. Sharma, IFS (Retd)	1
VIREN J. SHAH	1
G. N. BAJPAI	1
M.D. Mallya	1
Prof. Soli J. Arceivala	1
S. Ramadorai	1
S. ANANTHARAMAKRISHNAN	1
P. Chidambaram	1
Dr. V. M. DANDEKAR	1
N. J. N.	1
Prof. M. S. Thacker	1
S. A. SAPRE	1
Dr. Subir Gokarn	1
K.R. Ramamani	1
B. G. GOKHALE, M.A., PH.D.	1
R. C. SHAH	1
Dr. (Miss) A. S. DESAI	1
Dr. A. C. SHAH	1
Madan Sabnavis	1
P. H. SHESHAGIRI RAO	1
By LELAND HAZARD	1
K. R. GIRISH	1
N. K. PETIGARA	1
Prof. M. S. Swaminathan	1
S V MONY	1
Rohini Nilekani	1
E. R. Krishnamurti	1
A. N. HAKSAR	1
Prof. P. G. Mavalankar	1
C. R. IRANI	1
P. L. Tandon	1
W. X. Mascarenhas	1
C. R. Irani	1
An Observer	1
Ravi Shanker Kapoor	1
Dr. R. H. PATIL	1
