md_slug	md_title	md_year	md_first_author	top1_prod_slug	top1_score	top2_prod_slug	top2_score	top3_prod_slug	top3_score
a-d-shroff-champion-of-free-enterprise	A.D. Shroff - Champion of Free Enterprise	2019	a-d-shroff	forum-of-free-enterprise-speech-by-mr-a-d-shroff-july-251956	85	free-enterprise-and-democracy-by-a-d-shroff-feb-11-1956	80	free-enterprise-in-india-a-call-for-leadership-by-a-d-shroff-25-october-1961	80
a-review-of-the-rupee-trade-dr-jayashekar-june-15-1983	A Review of the Rupee Trade		jayashekar	a-review-of-the-rupee-trade-by-dr-jayashekar-15-june-1983	100	a-review-of-the-finance-no-2-bill-by-n-a-palkhivala-jun-8-1962	68	devaluation-of-the-rupee-causes-and-consequences-by-n-a-palkhivala-s-m-and-dr-kersi-doodha-june-1966	64
a-strategy-for-exports-16-july-1975	A Strategy for Exports	1975	prof-rl-varshney	a-strategy-for-imports-by-dr-r-l-varshney-16-july-1975	75	fourth-plan-a-strategy-for-economic-growth-by-dr-f-a-mehta-june-9-1969	75	international-finance-development-a-strategy-for-india-by-t-thomas-12-december-1982	75
a-vision-on-new-india-2020-mukesh-a-ambani	A VISION OF INDIA IN 2020	1998	mukesh-ambani	a-vision-on-new-india-in-2020-by-mukesh-a-ambani-may-20-1998	93	education-leadership-and-vision-of-free-india-by-nani-a-palkhivala-february-20-1998	78	are-there-monopolies-and-concentration-of-economic-power-in-india-by-arvind-narottam-lalbhai-5-july-1964	64
aandolan	Aandolan	2016	anant-umrikar	real-land-reforms	29	democracy-in-india	28	end-to-appeasement	28
aandolan-anant-umrikar	आंदोलन	1992	anant-umrikar						
accountability-in-public-sevice-n-vittal-february-4-2011	Accountability in Public Service	2011	n-vittal	public-accountability-by-m-r-masani-m-p-february-10-1970	79	acountability-in-public-service-by-n-vittal-ias-retd-february-4-2011	69	corporate-social-accountability-in-india-by-dr-g-r-s-rao-june-14-1989	69
administrators-managers-leadership-deepak-parekh	Administrators, Managers and Leadership		deepak-parekh	administrators-managers-and-leadership-by-deepak-parekh-august-4-1997	100	administrators-managers-and-leadership-by-deepak-parekh-september-1997	100	education-leadership-and-vision-of-free-india-by-nani-a-palkhivala-february-20-1998	53
an-auxiliary-for-historians-the-contribution-of-older-austrians	An Auxiliary for Historians: The Contribution of Older Austrians	2003		blueprint-for-eradication-of-poverty-bp-godrej-1980	49	constitution-of-the-indian-liberal-group-march-4-2000	49	devaluation-the-guilty-men-2	49
an-infationary-budget-a-d-shroff-jun7-1959	An Inflationary Budget	1959	a-d-shroff	an-inflationary-budget-by-a-d-shroff	100	a-historic-budget-by-h-p-ranina-april-13-1994	48	an-analysis-of-budget-proposals-by-n-a-palkhivalafeb-15-1963	48
anavyartha-1	Anavyartha: 1	2016	sharad-joshi	the-indian-libertarian-january-1971	38	the-indian-libertarian-jan-1-1961	37	the-indian-libertarian-jan1-1959	37
anavyartha-2	Anavyartha: 2	2016	sharad-joshi	the-indian-libertarian-jan-1-1962	36	the-indian-libertarian-jan-15-1962	35	shetkari-sanghatak-may-6-1992	35
angarmala-by-sharad-joshi	Angarmala by Sharad Joshi	2016	sharad-joshi	the-bonus-problem-by-y-d-joshi-s-r-mohandas-dr-m-c-munshi-july-1972	48	the-power-problem-in-india-by-a-s-joshi-and-m-s-padmanabhan-december-13-1979	48	state-trading-by-a-d-shroff-jun-6-1958	45
angarmala-sharad-joshi	अंगारमळा	2008	sharad-joshi						
anvyartha-1-sharad-joshi	अन्वयार्थ - १	2010	sharad-joshi						
artha-to-sangto-punha-by-sharad-joshi	Artha to Sangto Punha by Sharad Joshi	2016	sharad-joshi	swatantra-alternative-to-third-plan-2	50	shetkari-sanghatak-june-6-1992	43	shetkari-sanghatak-june-6-1993	43
baliche-rajey-yenar-aahe-by-sharad-joshi	'Baliche Rajey Yenar Aahe' by Sharad Joshi	2016	sharad-joshi	two-years-of-achievement-by-a-d-shroff-1958	46	the-case-for-sponsored-radio-by-y-a-fazalbhoy-1957	45	state-trading-by-a-d-shroff-jun-6-1958	44
baliche-rajey-yenar-aahe-sharad-joshi	बळीचे राज्य येणार आहे	2010	sharad-joshi						
balyo-bibaher-dosh-ishwar-chandra-vidyasagar	বাল্য বিবাহের দোষ		ishwar-chandra-vidyasagar						
banken-lutal-shetkanyala-by-anant-umrikar	'Banken Lutal Shetkanyala' by Anant Umrikar	2016	anant-umrikar	shetkari-sanghatak-jan-6-1992	46	shetkari-sanghatak-jan-6-1993	46	shetkari-sanghatak-jan-6-1994	46
basic-documents-forum-of-free-enterprise-july-18-1956	Basic Documents	1970	forum-of-free-enterprise	basic-documents-forum-of-free-enterprise-july-181956	100	basic-principles-of-planning-by-j-h-doshi-september-18-1978	50	the-basic-truth-about-inflation-by-prof-b-r-shenoy-others-april-14-1977	50
bollywood-and-cultural-change-in-attitude	Bollywood and Cultural Change in Attitude	2020		the-climate-change-issues-and-challenges-by-s-d-naik-june-2019	43	democracy-in-india	42	democracy-in-india-by-jm-lobo-prabhu	42
br-shenoy-a-prophet-without-honour	BR Shenoy - A Prophet Without Honour?	2019	b-r-shenoy	prune-the-plan-by-prof-b-r-shebnoy-january-1-1970	44	economic-growth-with-social-justice-by-dr-b-r-shenoy-august-1977	43	to-prosperity-through-freedom-v-r-1960	43
central-economic-planning-professor-milton-friedman-rose-friedman-september14-1982	Central Economic Planning		milton-friedman	central-economic-planning-by-professor-milton-friedman-and-rose-friedman-14-september-1982	100	central-planning-and-economic-development-by-prof-p-t-bauer-august-12-1970	100	the-relevance-of-rajaji-economic-thinking-today	48
centre-for-civil-society-a-journey-in-time	Centre for Civil Society : A Journey in Time	2020		the-emerging-challenges-to-civil-society	57	free-enterprise-in-a-free-society-by-onlooker-may-21-1957	49	liberal-times-tibetans-in-exile	47
chakravarti-rajagopalachari-gandhis-conscience-keeper	Chakravarti Rajagopalachari - Gandhi's Conscience Keeper	2018	c-rajagopalachari	second-five-year-plan-is-the-real-mischief-maker-by-c-rajagopalachari-may-23-1957	47	free-enterprise-the-key-to-prosperity-by-s-m-dahanukar	43	economy-and-efficiency-in-public-administration-in-india-by-c-s-venkatachar-8-may-1963	43
challenges-of-transforming-india-amitabh-kant	Challenges of Transforming India	2016	amitabh-kant	challenges-of-transforming-india-by-amitabh-kant-02-january-2017	100	population-planning-in-india-pitfalls-and-new-challenges-by-professor-ashish-bose-november-14-1993	66	the-challenges-before-the-insurance-industry-in-india-by-g-n-bajpai-2002	66
chandvdachi-shidori-by-sharad-joshi	Chandvdachi Shidori by Sharad Joshi	2016	sharad-joshi	shetkari-sanghatak-aug-6-1992	42	shetkari-sanghatak-aug-6-1993	42	shetkari-sanghatak-aug-6-1995	42
congress-misrule-and-the-swatantra-alternative	Congress Misrule and the Swatantra Alternative	1966		congress-misrule-and-the-swatantra-alternatives-1966	85	swatantra-alternative-to-third-plan-2	65	garibi-hatao-the-swatantra-way	56
corporate-governance-a-practitioners-perspective-dr-mukund-rajan	Corporate Governance – A Practitioner's Perspective		mukund-rajan	corporate-governance-a-practitioners-perspective-by-dr-mukund-rajan-july-2019	100	corporate-governance-by-adi-b-godrej-05-jan-2004	57	corporate-governance-by-adi-b-godrej-jan-05-2004	57
corruption-can-be-controlled-dr-pv-shenoi-ram-gandhi	Corruption Can Be Controlled	1998	p-v-shenoi	corruption-can-be-controlled-by-dr-p-v-shenoi-and-ram-gandhi	100	corruption-in-indian-medicine-by-dr-s-nundy-august-25-2014	52	how-controlled-industries-work-in-indiaby-sir-biren-mookerjeemar-101963	52
d-r-pendse-on-doing-business-in-india-before-1991-reforms	D R Pendse on Doing Business in India before 1991 Reforms	2016	d-r-pendse	reforms-needed-in-indian-income-tax-by-v-r-dalal-feb-10-1966	54	recent-changes-in-law-affecting-business-and-industry-december-1965	54	democracy-in-india-by-jm-lobo-prabhu	54
d-r-pendse-on-his-relationship-with-jrd-tata	D R Pendse on his Relationship with JRD Tata	2016	d-r-pendse	banks-relationship-with-customers-evolving-perspectives-by-mrs-shyamala-gopinath-may-6-2008	55	concentration-of-economic-power-by-d-r-pendse-july-14-1972	45	why-scarcities-by-d-r-pendse-c-v-mariwala-b-d-somani-m-r-meher-1974	45
d-r-pendse-on-indias-open-and-prosperous-past	D R Pendse on India’s ‘Open and Prosperous Past’	2016	d-r-pendse	social-religious-decay	52	your-prosperity-through-freedom-by-m-r-pai	52	to-prosperity-through-freedom-v-r-1960	50
d-r-pendse-on-liberating-india-s-entrepreneurs	D R Pendse on Liberating India s Entrepreneurs	2016	d-r-pendse	social-entrepreneurship-by-dr-mrs-lndu-shahani-april-4-2009	57	forum-of-free-enterprise-a-manifesto	57	concentration-of-economic-power-by-d-r-pendse-july-14-1972	55
d-r-pendse-on-the-1991-crisis	D R Pendse on the 1991 Crisis	2016	d-r-pendse	how-to-respond-to-petroleum-crisis-in-india-by-ajit-d-kamlani-s-s-rekhi-and-ranjan-sanghi-february-14-1991	61	external-value-of-the-rupee-from-crisis-to-convertibility-by-r-k-seshadri-january-14-1993	58	foreign-exchange-crisis-and-the-way-out-by-a-d-shroff-others-feb-5-1962	58
d-r-pendse-on-the-criticism-he-faced-through-his-career	D R Pendse on the Criticism he faced through his Career	2016	d-r-pendse	free-enterprise-the-key-to-prosperity-by-s-m-dahanukar	48	your-prosperity-through-freedom-by-m-r-pai	47	why-scarcities-by-d-r-pendse-c-v-mariwala-b-d-somani-m-r-meher-1974	47
d-r-pendse-on-the-indian-liberal-tradition	D R Pendse on the Indian Liberal Tradition	2016	d-r-pendse	the-liberal-position-newsletter-of-the-indian-liberals-group-april-2002	63	what-swatantra-party-stands-for	62	real-land-reforms	61
d-r-pendse-on-think-tanks-and-the-power-of-ideas	D R Pendse on Think Tanks and the Power of Ideas	2016	d-r-pendse	concentration-of-economic-power-by-d-r-pendse-july-14-1972	56	the-new-pattern-of-taxation-and-its-impact-on-the-indian-economy-by-a-d-shroff-apr-6-1958	50	the-liberal-position-newsletter-of-the-indian-liberals-group-april-2002	49
danger-of-outmoded-socialism-to-indias-welfare-murarji-j-vaidya-janruary-15-1967	DANGER OF OUTMODED SOCIALISM TO INDIA'S WELFARE	1966	murarji-vaidya	danger-of-outmoded-socialism-to-indias-welfare-by-murarji-j-vaidya-15-january-1967	100	the-retreat-after-socialism	60	dangers-of-wealth-tax-by-s-h-batlivala-may-26-1957	51
decades-of-determination-to-achieve-sustainable-development-prof-u-r-rao	Decade of Determination to Achieve Sustainable Development	1997	u-r-rao	decade-of-determination-to-achieve-sustainable-development-january-1998	100	ending-hunger-through-sustainable-development-by-maurice-f-strong-november-14-1989	56	reflections-on-global-trends-and-sustainable-development-by-piya-mahtaney-may-oct-12-2005	56
deficit-financing-inflation-and-price-control-k-j-ayaraman-november-14-1973	Deficit Financing, Inflation and Price Control	1973	k-jayaraman	deficit-pricing-inflation-and-price-control-by-k-j-ayaraman-november-14-1963	87	deficit-financing-and-inflation-by-prof-c-n-vakil-may-11-1967	81	controlling-inflation-in-india-br-shenoy-1977	56
democracy-in-india-j-m-lobo-prabhu-may8-1960	Democracy in India	1960	j-m-lobo-prabhu	democracy-in-india-by-jm-lobo-prabhu	100	governance-democracy-in-india-by-r-balasubramanian-may-2019	100	democracy-in-india	100
did-bollywood-liberalise-india-or-did-india-liberalise-bollywood	Did Bollywood Liberalise India or Did India Liberalise Bollywood?	2020		for-gods-sake-go-2	60	democracy-in-india	59	the-essence-of-democracy-2	57
doan-pavlant-bali-patalat-by-anant-umrikar	'Doan Pavlant Bali Patalat' by Anant Umrikar	2016	anant-umrikar	the-legend-of-nani-palkhivala-by-mr-pai	51	the-union-budget-1980-81-by-nani-a-palkhiwala	48	the-union-budget-1983-84-by-n-a-palhivala	48
economic-growth-with-social-justice-dr-b-r-shenoy-august-1977	Economic Growth with Social Justice	1980	b-r-shenoy	economic-growth-with-social-justice-by-dr-b-r-shenoy-august-1977	100	market-oriented-economy-for-growth-with-social-justice-by-dr-p-r-brahmananda-april-1991	85	market-oriented-economy-for-growth-with-social-justice-by-dr-p-r-brahmananda	85
economic-prophecies	Economic Prophecies	2004	b-r-shenoy	a-historical-perspective-of-new-economic-policies-by-dr-i-g-patel-may-14-1992	59	a-new-economic-policy-for-india-by-murarji-j-vaidya-15-november-1967	59	a-pragmatic-economic-policy-for-a-government-that-works-13-june-1981	59
economic-reforms-in-india-where-are-we-and-where-do-we-go-dr-rakesh-mohan-october-10-2006	Economic Reforms in India: Where are We and Where do We Go?	2007	rakesh-mohan	economic-reforms-in-india-where-are-we-and-where-do-we-go-by-dr-rakesh-mohan-october-10-2006	100	are-there-monopolies-and-concentration-of-economic-power-in-india-by-arvind-narottam-lalbhai-5-july-1964	68	industrial-licensing-and-economic-growth-in-india-by-dr-f-a-mehta-may-9-1969	60
economics-of-freedom-m-a-masani-feb12-1965	ECONOMICS OF FREEDOM		minoo-masani	economics-of-freedom-by-m-r-masani-feb-12-1965	100	freedom-of-the-press-by-d-r-mankekar-october-12-1971	66	indian-banks-and-the-prevention-of-corruption-act-freedom-and-discipline-by-dr-ashima-goyal-november-2018	66
energy-security-policy-by-ma-pathan-2005	Energy Security Policy	2006	ma-pathan	energy-security-policy-by-m-a-pathan-december-10-2005	100	a-national-water-policy-for-india-by-dr-k-l-rao-15-december-1975	42	a-new-economic-policy-for-india-by-murarji-j-vaidya-15-november-1967	42
equity-in-a-global-society-by-dr-ig-patel-january-february-17-1996	EQUITY IN A GLOBAL SOCIETY		dr-ig-patel	equity-in-a-global-society-by-dr-i-g-patel-january-february-17-1996	100	economic-growth-in-a-free-society-by-w-w-rostow-november-5-1963	63	efficient-planning-in-a-democratic-society-by-f-a-mehta-aug-10-1965	63
european-economic---money-integration-s-l-n-sinha	EUROPEAN ECONOMIC & MONETARY INTEGRATION		s-l-n-sinha	european-economic-monetary-integration-by-s-l-n-sinha-september-1999	100	the-relevance-of-rajaji-economic-thinking-today	48	statement-on-the-current-economic-situation-in-india-september-2019	47
federa-lfinancial-relations-k-santhanam-dec11-1968	Federal Financial Relations in India	1966	k-santhanam	federal-financial-relations-in-india-by-k-santhanam-december-11-1968	100	democracy-in-india	62	democracy-in-india-by-jm-lobo-prabhu	58
fifteen-years-of-indian-planning-prof-b-r-shenoy-aug10-1966	FIFTEEN YEARS OF INDIAN PLANNING	1966	b-r-shenoy	basic-principles-of-planning-by-j-h-doshi-september-18-1978	72	milestones-and-millstones-of-planning-by-m-a-sreenivasan-january-5-1963	72	some-lessons-of-a-decade-of-planning-by-prof-r-k-amin-july-7-1961	72
finance-and-industry-in-india-a-d-shroff-october-10-1964	FINANCE AND INDUSTRY IN INDIA		a-d-shroff	finance-and-industry-in-india-by-a-d-shroff-10-october-1964	100	cement-industry-in-india-by-n-dandekar-and-l-sawhny-oct-9-1956	84	industrial-finance-and-investment-in-india-by-a-d-shroff-5-october-1961	81
food-and-environment-walking-a-tightrope-by-dr-na-swaminathan-jan-2001	FOOD AND ENVIRONMENT – WALKING THE TIGHTROPE		dr-na-swaminathan	food-and-environment-walking-the-tightrope-by-dr-m-s-swaminathan-january-20-2001	100	the-consumer-and-the-indian-economic-environment-by-professor-gangadhar-gadgil-12-september-1980	62	population-development-and-environment-by-s-p-godrej-december-15-1994	52
food-crisis-in-india-causes-and-cure-b-r-shenoy-m-a-sreenivasan-15-february-1975	FOOD CRISIS IN INDIA — CAUSES & CURE		b-r-shenoy	food-crisis-in-india-causes-and-cure-by-prof-b-r-shenoy-and-m-a-sreenivasan-15-february-1975	100	how-to-respond-to-petroleum-crisis-in-india-by-ajit-d-kamlani-s-s-rekhi-and-ranjan-sanghi-february-14-1991	63	the-oil-crisis-in-india-by-prof-guruprasad-murthy-january-15-1974	63
foreign-exchange-crisis-and-the-way-out-a-d-shroff-feb5-1962	FOREIGN EXCHANGE CRISIS — THE WAY OUT	1963	a-d-shroff	foreign-exchange-crisis-and-the-way-out-by-a-d-shroff-others-feb-5-1962	100	the-foreign-excahnge-crisis-some-remedies-by-a-d-shroff-aug-6-1958	79	our-foreign-exchange-problem-can-be-solved-by-a-new-export-policy-by-murarji-j-vaidya-nov-25-1961	62
foreign-institutional-investors-in-india-by-gr-parrikar-and-rg-katoti-november-1994	FOREIGN INSTITUTIONAL INVESTORS IN INDIA		r-g-katoti	foreign-institutional-investors-in-india-by-g-r-parrikar-and-r-g-katoti-november-1994	100	foreign-institutional-investments-in-india-by-kiran-nanda-november-14-1992	85	democracy-in-india	56
forest-departments-incentives-and-the-environment	Forest Departments, Incentives and the Environment	2020		food-and-environment-walking-the-tightrope-by-dr-m-s-swaminathan-january-20-2001	55	the-consumer-and-the-indian-economic-environment-by-professor-gangadhar-gadgil-12-september-1980	55	population-development-and-environment-by-s-p-godrej-december-15-1994	53
forest-rights-act-2006-the-struggle-for-implementation-part-i	Forest Rights Act, 2006 : The Struggle for Implementation - Part I	2020		the-a-d-shroff-memorial-trust-a-report-on-the-first-five-years-1967-1972	48	the-national-telecom-policy-and-its-implementation	48	the-liberal-budget-2006-07-right-choices-tough-decisions	48
forest-rights-act-2006-the-struggle-for-implementation-part-ii	Forest Rights Act, 2006: The Struggle for Implementation - Part II	2020		the-national-telecom-policy-and-its-implementation	50	the-liberal-budget-2006-07-right-choices-tough-decisions	49	the-a-d-shroff-memorial-trust-a-report-on-the-first-five-years-1967-1972	48
forum-of-free-enterprise-2005-2006	The Forum of Free Enterprise		sucheta-dalal	basic-documents-forum-of-free-enterprise-july-181956	100	forum-of-free-enterprise-a-manifesto	100	forum-of-free-enterprise-code-of-conduct	100
free-but-fettered-the-illiterate-citizen-dr-c-d-deshmukh-november-12-1970	FREE BUT FETTERED—THE ILLITERATE CITIZEN	1970	chintaman-deshmukh	free-but-fettered-the-illerate-citizen-by-dr-c-d-deshmukh-12-november-1970	58	forum-of-free-enterprise-code-of-conduct	45	basic-documents-forum-of-free-enterprise-july-181956	44
free-eneterprise-in-india-a-d-shroff-january-1-1970	FREE ENTERPRISE IN INDIA		a-d-shroff	free-enterprise-in-india-a-call-for-leadership-by-a-d-shroff-25-october-1961	100	free-enterprise-in-india-a-call-for-leadership-by-a-d-shroff-november-8-1961	100	free-enterprise-in-india-and-freedom-by-a-d-shroff-others-january-4-2011	100
free-enterprise-the-key-to-prosperity-by-sm-dahanukar	FREE ENTERPRISE—THE KEY TO PROSPERITY		s-m-dahanukar	free-enterprise-the-key-to-prosperity-by-s-m-dahanukar	75	prosperity-through-free-economy-a-case-study-of-taiwan-by-k-v-narain-november-9-1964	58	to-prosperity-through-freedom-v-r-1960	53
from-the-industrial-age-to-the-information-age-by-bardley-d-belt	FROM THE INDUSTRIAL AGE TO THE INFORMATION AGE		bradley-d-belt	from-the-industrial-age-to-the-information-age-rethinking-he-regulation-of-securities-markets-by-bradley-d-belt	100	from-darkness-to-light	57	the-changing-scenario-of-industrial-finance-and-capital-market-in-the-new-millennium-by-dr-r-h-patil-7-november-2000	53
fundamental-rights-b-shiva-rao-october-9-1969	Fundamental Rights in India	1969	b-shiva-rao	fundamental-rights	81	the-fundamental-rights-case-by-n-a-palkhivala-july-1973	80	fundamemtal-rights-in-india-by-b-shiva-rao-others-october-9-1969	71
giving-is-receiving-mrs-meera-shenoy	Giving is Receiving	2018		giving-is-receiving-by-mrs-meera-shenoy-january-2019	100	the-retreat-after-socialism	41	the-indian-libertarian-july-15-1957-2	38
good-governance-by-minoo-r-shroff-and-hd-shourie-2002	Good Governance in India	2002		corporate-governance-in-india-by-k-b-dadiseth-october-24-1997	88	corporate-governance-in-india-by-k-b-dasiseth-novemeber-20-1997	88	governance-democracy-in-india-by-r-balasubramanian-may-2019	88
goods-services-tax-an-overview-jamshyd-godrej-bhavana-doshi-s-s-bhandare	Goods & Services Tax			good-services-tax-an-overview-by-jamshyd-godrej-bhavana-doshi-and-s-s-bhandare-august-2017	80	value-systems-in-public-services-by-a-k-purwar-31-march-2005	61	value-systems-in-public-services-by-a-k-purwar-march-31-2005	61
governance-democracy-in-india-r-balasubramanian	Governance & Democracy in India			governance-democracy-in-india-by-r-balasubramanian-may-2019	100	corporate-governance-in-india-by-k-b-dadiseth-october-24-1997	79	corporate-governance-in-india-by-k-b-dasiseth-novemeber-20-1997	79
growing-government-is-a-cause-for-concern-dr-pendise-july-17-1995	Growing Government Expenditure is a Cause for Concern	1995	d-r-pendse	growing-government-is-a-cause-for-concern-by-d-r-pendise-july-17-1995	87	trends-in-government-expenditure-april-30-2007	59	a-pragmatic-economic-policy-for-a-government-that-works-13-june-1981	51
hamara-hindustan	हमारा हिन्दुस्तान	1942	minoo-masani						
higher-education-at-the-cross-roads-of-the-twentieth-and-twenty-first-centuries-dr-miss-a-s-desai	Higher Education at the Cross-Roads of the Twentieth and Twenty-First Centuries	1998		higher-education-at-the-cross-roads-of-the-twentieth-and-twenty-first-centuries-by-dr-miss-a-s-desai-january-1999	100	congress-misrule-and-the-swatantra-alternatives-1966	53	at-liberty-freedom-to-express-and-offend	50
housing-problem-india-deepak-parekh-aug-1988	Housing Problem in India — Today and 2000 A.D.	1988		housing-problem-in-india-today-and-2000-a-d-by-deepak-s-parekh-august-16-1988	100	a-solution-to-the-housing-problem-in-india-by-h-t-parekh-14-august-1976	71	the-power-problem-in-india-by-a-s-joshi-and-m-s-padmanabhan-december-13-1979	67
how-controlled-industries-work-in-india-sir-biren-mookerjee-mar10-1963	HOW CONTROLLED INDUSTRIES WORK IN INDIA—A CASE STUDY	1963	biren-mookerjee	how-controlled-industries-work-in-indiaby-sir-biren-mookerjeemar-101963	78	how-to-start-an-industry-by-d-v-desai-8-august-1961	54	wto-and-indian-industry-by-s-s-bhandare-202001	53
how-i-stopped-worrying-and-learned-to-love-the-trade-deficit-sudha-shenoy	How I Stopped Worrying and Learned to Love the Trade Deficit | Sudha Shenoy	2006	sudha-r-shenoy	garibi-hatao-the-swatantra-way	47	economic-reforms-and-the-relevance-of-b-r-shenoy-by-mrs-kishori-j-udeshi-june-8-2007	46	food-and-environment-walking-the-tightrope-by-dr-m-s-swaminathan-january-20-2001	46
il-explainer-ep-2-begum-rokeya	IL Explainer - Ep 2 | Sultana's Dream by Begum Rokeya	2022	begum-rokeya	e-commerce-and-sales-tax-by-n-c-mehta-june-2000	46	the-population-problem-by-dr-b-k-tandon-15-may-1975	46	state-trading-by-a-d-shroff-jun-6-1958	46
il-explainer-ep-3-streer-potro-tagore	IL Explainer - Ep 3 | Streer Potro by Rabindranath Tagore	2022	rabindranath-tagore	role-of-private-enterprises-by-thakorelal-m-desai-september-4-1956	48	compensation-or-expropriation-by-dr-rustom-c-cooper	48	indias-external-sectors-agenda-for-reforms-by-mr-s-s-tarapore-27-april-1999	48
il-explainer-ep-4-socialism-reconsidered-by-minoo-masani	IL Explainer - Ep 4 | Socialism Reconsidered by Minoo Masani	2022	minoo-masani	the-retreat-after-socialism	50	new-industrial-policy-by-minoo-r-shroff-march-14-1978	49	socialism-has-it-become-a-doctrine-of-the-past-by-a-d-shroff	49
il-explainer-ep-5-free-enterprise-and-freedom	IL Explainer - Ep 5 | Free Enterprise and Freedom	2022	murarji-vaidya	free-enterprise-and-freedom-by-murarji-j-vaidya-april-10-1956	75	free-enterprise-and-freedom-murarji-vaidya	75	free-enterprise-in-india-and-freedom-by-a-d-shroff-others-january-4-2011	75
il-explainer-ep1-br-shenoy	IL Explainer - Ep 1 | Economic Growth with Social Justice by B.R. Shenoy	2022	b-r-shenoy	economic-growth-with-social-justice-by-dr-b-r-shenoy-august-1977	84	market-oriented-economy-for-growth-with-social-justice-by-dr-p-r-brahmananda-april-1991	63	market-oriented-economy-for-growth-with-social-justice-by-dr-p-r-brahmananda	63
il-explainer-episode-6	IL Explainer - Ep 6 | Why Are Fundamental Rights Not Amendable?	2022		fundamental-rights	69	the-fundamental-rights-case-by-n-a-palkhivala-july-1973	57	fundamental-right-to-property-by-v-m-tarkuhde-may-10-1971	51
in-conversation-with-ronald-meinardus-regional-director-fnf-south-asia	In Conversation with Ronald Meinardus - Regional Director, FNF South Asia		ronald-meinardus	regional-ccoperation-in-south-asia-by-h-t-parekh-13-december-1981	63	liberal-times-liberalism-in-south-asia	51	cooperatives-in-the-changing-economy-of-india-august-1998	50
indian-banks-and-the-prevention-of-corruption-act-freedom-and-discipline-ar-ashima-goyal	Indian Banks and The Prevention of Corruption Act : Freedom and Discipline		ashima-goyal	indian-banks-and-the-prevention-of-corruption-act-freedom-and-discipline-by-dr-ashima-goyal-november-2018	100	at-liberty-freedom-to-express-and-offend	58	corruption-can-be-controlled-by-dr-p-v-shenoi-and-ram-gandhi	56
indian-economic-development-1950-1980-an-assessment-by-dr-rm-honavar	Indian Economic Development 1950-1980: An Assessment		r-m-honavar	indian-economic-development-1950-1980-an-assessment-by-dr-r-m-honavar-october-1981	100	central-planning-and-economic-development-by-prof-p-t-bauer-august-12-1970	69	consumer-sovereignty-leads-to-rapid-economic-development-by-prof-b-r-shenoy-july-9-1962	69
indian-liberal-tradition-gp-manish	Indian Liberal Tradition - GP Manish		gp-manish	manifesto-for-indian-liberals-1985	67	why-swatantra	63	the-indian-libertarian-july-15-1957-2	61
indian-planning-at-the-crossroads-n-dandeker-m-p-nov11-1965	Indian Planning at the Cross-Roads	1965	k-santhanam	higher-education-at-the-cross-roads-of-the-twentieth-and-twenty-first-centuries-by-dr-miss-a-s-desai-january-1999	84	planning-at-cross-purposes-by-s-bhootalingam-december-1970	82	indian-planning-at-the-crossroads-by-n-dandeker-m-p-nov-11-1965	78
indias-forest-dwellers-from-owners-to-encroachers	India's forest-dwellers: From Owners to Encroachers	2020		from-darkness-to-light	56	forum-of-free-enterprise-code-of-conduct	54	forum-of-free-enterprise-a-manifesto	52
indias-greatest-liberal-gopal-krishna-gokhale	India's Greatest Liberal - Gopal Krishna Gokhale	2019	gopal-krishna-gokhale	for-gods-sake-go-2	58	democracy-in-india	57	end-to-appeasement	55
indias-jobless-growth-dr-s-d-naik	India's Jobless Growth		s-d-naik	indias-jobless-growth-by-dr-s-d-naik-june-2018	100	industrial-licensing-and-economic-growth-in-india-by-dr-f-a-mehta-may-9-1969	70	for-gods-sake-go-2	54
indias-transition-choice-competition-and-individual-dignity	India's Transition : Choice, Competition, and Individual Dignity	2020		corruption-can-be-controlled-by-dr-p-v-shenoi-and-ram-gandhi	52	cooperatives-in-the-changing-economy-of-india-august-1998	51	chinese-competition-challenges-and-opportunities-by-p-n-g-subramanian-23-october-2002	50
infrastructure-public-goods-and-markets-kirit-s-parekh	Infrastructure, Public Goods and Markets		kirit-s-parekh	infrastructure-public-goods-and-markets-by-kirit-s-parekh-july-18-1999	100	business-and-public-welfare-by-v-k-narasimhan-march-9-1970	44	is-indian-airline-corporation-fair-to-the-public-september-5-1961	44
internationalization-of-indian-business-m-k-raju-january-12-1980	INTERNATIONALISATION OF INDIAN BUSINESS	1980		internationalisation-of-indian-business-role-of-financial-institutions-by-mr-r-c-shah-28-june-1983	100	internationalization-of-indian-business-by-m-k-raju-january-12-1980	66	a-philosophy-of-business-by-s-s-kanoria-12-january-1972	63
is-nationalisation-of-industries-in-public-interest-gangadhar-gadgil-june-18-1979	Is Nationalisation of Industries in Public Interest?		gangadhar-gadgil	is-nationalisation-of-industries-in-public-interest-by-prof-gangadhar-gadgil-june-18-1979	100	limitations-of-nationalisation-by-s-narayana-aiyar	58	implications-of-bank-nationalisation-by-misc-mar-9-1964	56
jagdish-bhagwati-on-milton-friedman	Jagdish Bhagwati on Milton Friedman	2018	jagdish-bhagwati	central-economic-planning-by-professor-milton-friedman-and-rose-friedman-14-september-1982	60	economic-thinking-of-prof-milton-friedman-by-milton-friedman-and-p-r-brahmananda-january-14-1977	60	india-needs-a-free-market-interest-rate-by-milton-friedman-may-9-1963	60
jagtik-vayapar-sangtanecha-onama	Jagtik Vayapar Sangtanecha Onama	2016	dnyaneshwar-m-shelar	garibi-hatao-the-swatantra-way	43	why-swatantra	42	shetkari-sanghatak-aug-6-1992	41
joint-sector-some-issues-by-minoo-shroff-1972	JOINT SECTOR—SOME ISSUES	1973	minoo-shroff	joint-sector-some-issues-by-minoo-shroff-october-1972	68	critical-issues-relating-to-rising-prices-by-s-s-bhandare-august-17-1995	41	customer-protection-in-banks-emerging-issues-and-challenges-by-dr-k-c-chakrabarty-december-3-2012	41
jug-badlanari-pustake-by-sharad-joshi	'Jug Badlanari Pustake' by Sharad Joshi	2016	sharad-joshi	the-legend-of-nani-palkhivala-by-mr-pai	44	state-trading-by-a-d-shroff-jun-6-1958	43	sales-tax-by-jamshed-m-antia-jun-1-1958	43
khoj-january-april-2009	ખોજ	2009	rajesh-mishra						
khoj-january-february-2007	ખોજ	2007	ambrish-mehta						
khoj-january-february-2008	Khoj : January - February, 2008	2008		equity-in-a-global-society-by-dr-i-g-patel-january-february-17-1996	76	a-policy-framework-for-broadbasing-the-capital-market-by-mr-james-s-raj-17-february-1978	47	acountability-in-public-service-by-n-vittal-ias-retd-february-4-2011	47
khoj-january-february-2010	Khoj : January - February, 2010	2010		equity-in-a-global-society-by-dr-i-g-patel-january-february-17-1996	76	citizens-participation-in-effective-governance-by-shailesh-gandhi-january-4-2010	63	wealth-tax-january-1-1970	47
khoj-july-august-2005	Khoj : July - August, 2005	2005	trupti-parekh	the-central-budget-2004-2005-vis-a-vis-the-liberal-budget-by-various-july-18-2004	60	a-solution-to-the-housing-problem-in-india-by-h-t-parekh-14-august-1976	44	administrators-managers-and-leadership-by-deepak-parekh-august-4-1997	44
khoj-july-august-2006	Khoj : July - August, 2006	2006		a-solution-to-the-housing-problem-in-india-by-h-t-parekh-14-august-1976	44	administrators-managers-and-leadership-by-deepak-parekh-august-4-1997	44	bridging-diminishing-the-digital-divide-by-dr-t-h-chowdhary-16-august-2002	44
khoj-july-august-2007	Khoj : July - August, 2007	2007		moving-towards-an-empowered-customer-by-mrs-usha-thorat-august-8-2007	68	a-solution-to-the-housing-problem-in-india-by-h-t-parekh-14-august-1976	44	administrators-managers-and-leadership-by-deepak-parekh-august-4-1997	44
khoj-july-october-2008	Khoj : July - October, 2008	2008		can-bureaucracy-meet-the-challenge-of-liberalisation-by-b-g-deshmukh-october-14-1992	48	cement-industry-in-india-by-n-dandekar-and-l-sawhny-oct-9-1956	48	centre-state-relations-a-broad-perspective-by-n-a-palkhivala-15-october-1983	48
khoj-march-april-2005	Khoj : March-April, 2005	2005	rajesh-mishra	population-and-economic-development-in-india-by-n-r-narayana-murthy-16-april-2005	64	population-and-economic-development-in-india-by-n-r-narayana-murthy-april-16-2005	64	value-systems-in-public-services-by-a-k-purwar-31-march-2005	64
khoj-march-april-2006	Khoj : March - April, 2006	2006	rajesh-mishra	shetkari-sanghatak-march-6-1992	44	the-union-budget-2008-09-by-h-p-ranina-march-6-2008	43	shetkari-sanghatak-march-6-1993	41
khoj-march-april-2007	Khoj : March - April, 2007	2007	rajesh-mishra	trends-in-government-expenditure-april-30-2007	64	shetkari-sanghatak-march-6-1992	41	shetkari-sanghatak-march-21-1992	40
khoj-march-april-2008	Khoj : March - April, 2008	2008	rajesh-mishra	the-union-budget-2008-09-by-h-p-ranina-march-6-2008	64	shetkari-sanghatak-march-6-1992	41	shetkari-sanghatak-march-21-1992	40
khoj-march-april-2010	Khoj : March - April, 2010	2010		india-has-the-best-15-years-ahead-by-r-gopalakrishnan-march-5-2010	64	new-era-of-enriching-hindu-growth-rate-by-sunil-s-bhandare-march-5-2010	64	shetkari-sanghatak-march-21-1992	43
khoj-may-august-2010	Khoj : May - August, 2010	2010		developmental-dimension-to-financial-sector-by-dr-y-v-reddy-may-5-2010	57	a-solution-to-the-housing-problem-in-india-by-h-t-parekh-14-august-1976	46	administrators-managers-and-leadership-by-deepak-parekh-august-4-1997	46
khoj-may-june-2005	Khoj : May-June, 2005	2005		on-railway-strike-and-industrial-relations-by-n-h-tata-s-r-mohan-das-prof-r-c-goyal-may-1974-june-1974-october-1973	61	reflections-on-global-trends-and-sustainable-development-by-piya-mahtaney-may-oct-12-2005	61	stock-market-in-turmoil-lessons-for-investors-by-prof-s-l-n-simha-j-mulraj-dr-ajay-shah-20april-may-june-2001	61
khoj-may-june-2006	Khoj : May - June, 2006	2006		on-railway-strike-and-industrial-relations-by-n-h-tata-s-r-mohan-das-prof-r-c-goyal-may-1974-june-1974-october-1973	61	quotas-and-reservations-imperative-of-affirmative-action-by-justice-sujata-manohar-retd-may-29-2006	61	stock-market-in-turmoil-lessons-for-investors-by-prof-s-l-n-simha-j-mulraj-dr-ajay-shah-20april-may-june-2001	61
khoj-may-june-2008	Khoj : May - June, 2008	2008		banks-relationship-with-customers-evolving-perspectives-by-mrs-shyamala-gopinath-may-6-2008	61	on-railway-strike-and-industrial-relations-by-n-h-tata-s-r-mohan-das-prof-r-c-goyal-may-1974-june-1974-october-1973	61	stock-market-in-turmoil-lessons-for-investors-by-prof-s-l-n-simha-j-mulraj-dr-ajay-shah-20april-may-june-2001	61
khoj-may-june-2009	Khoj : May - June, 2009	2009		modern-policing-for-a-modern-india-by-maja-daruwala-others-june-5-2009	66	role-of-technology-in-enhancing-of-customer-service-in-banks-by-m-d-mallya-june-5-2009	66	on-railway-strike-and-industrial-relations-by-n-h-tata-s-r-mohan-das-prof-r-c-goyal-may-1974-june-1974-october-1973	61
khoj-november-december-2008	Khoj : November - December, 2008	2008		a-blueprint-for-eradication-of-poverty-by-dr-b-p-godrej-15-december-1980	45	a-national-water-policy-for-india-by-dr-k-l-rao-15-december-1975	45	a-new-approach-to-overcome-constraints-on-private-sector-by-r-d-aga-december-3rd-1980	45
khoj-november-december-2009	Khoj : November - December, 2009	2009		identity-markets-and-social-welfare-by-nandan-nilekani-november-5-2009	65	a-blueprint-for-eradication-of-poverty-by-dr-b-p-godrej-15-december-1980	45	a-national-water-policy-for-india-by-dr-k-l-rao-15-december-1975	45
khoj-november-february-2006	Khoj : November - February, 2006	2006		india-seeing-the-future-in-its-past-by-dr-raghumm-g-rajan-february-15-2006	65	a-new-economic-policy-for-india-by-murarji-j-vaidya-15-november-1967	45	a-policy-framework-for-broadbasing-the-capital-market-by-mr-james-s-raj-17-february-1978	45
khoj-september-october-2007	Khoj : September - October, 2007	2007		the-companies-amendment-bill-1972-by-n-a-palkhivala-r-g-saraiya-m-h-mody-september-october-1972	77	prosperity-beyond-our-cities-by-spreading-enterprise-by-r-gopalakrishnan-october-10-2007	61	a-job-oriented-fifth-year-plan-by-j-m-lobo-prabhu-september-15-1972	50
khoj-september-october-2010	Khoj : September - October, 2010	2010		the-companies-amendment-bill-1972-by-n-a-palkhivala-r-g-saraiya-m-h-mody-september-october-1972	77	mind-vs-mindset-the-grand-indian-challenge-by-dr-r-a-mashelkar-f-r-s-october-5-2010	61	a-job-oriented-fifth-year-plan-by-j-m-lobo-prabhu-september-15-1972	50
khulya-vayvasthekade-khulya-manane	'Khulya Vayvasthekade Khulya Manane'	2016	sharad-joshi	shetkari-sanghatak-aug-6-1992	38	shetkari-sanghatak-aug-6-1993	38	shetkari-sanghatak-aug-6-1995	38
land-reform-kae-jee-feb6-1958	LAND REFORM	1959		land-reform-by-kae-jee-feb-6-1958	100	economic-growth-requires-reform-of-tax-structure-by-prof-r-j-taraporevala-feb-5-1962	70	indian-economic-crises-a-programme-of-reform-by-professor-b-r-shenoy-11-may-1968	70
liberalism-and-the-challenge-of-polarisation	Liberalism and the Challenge of Polarisation	2020		whither-indian-urbanisation-by-dr-f-p-antia-1977	57	the-legend-of-nani-palkhivala-by-mr-pai	56	globalisation-and-the-poor	55
liberalism-and-the-populist-challenge	Liberalism and the Populist Challenge	2020		globalisation-and-the-poor	58	liberal-times-liberalism-in-south-asia	57	why-swatantra	54
liberalism-in-south-asia	Liberalism in South Asia	1995	sharad-joshi	liberal-times-liberalism-in-south-asia	100	regional-ccoperation-in-south-asia-by-h-t-parekh-13-december-1981	70	why-swatantra	60
limits-of-nationalisation-dr-john-matthai-january-1-1970	LIMITS OF NATIONALISATION		john-matthai	limits-of-nationalisation-by-dr-john-matthai-january-1-1970	100	implications-of-bank-nationalisation-by-misc-mar-9-1964	83	is-nationalisation-of-industries-in-public-interest-by-prof-gangadhar-gadgil-june-18-1979	83
madhyatil-angar-by-sharad-joshi	'Madhyatil Angar' by Sharad Joshi	2016	sharad-joshi	shetkari-sanghatak-aug-6-1992	42	shetkari-sanghatak-aug-6-1993	42	shetkari-sanghatak-aug-6-1995	42
majya-setkari-bhavana-mai-bahini-no-by-sharad-joshi	'Majya Setkari Bhavana Mai Bahini No' by Sharad Joshi	2016	sharad-joshi	its-indias-turn-now-by-jayant-sinha-september-2016	47	state-takeover-of-foograins-trade-by-dr-a-c-chhatrapati-may-15-1973	46	dangers-of-wealth-tax-by-s-h-batlivala-may-26-1957	46
making-tax-compliance-attractive	Making Tax Compliance Attractive	2019		swatantra-alternative-to-third-plan-2	45	from-darkness-to-light	42	congress-misrule-and-the-swatantra-alternatives-1966	42
market-by-the-dock-by-pt-bauer-january-1981	market-by-the-dock-by-pt-bauer-january-1981		peter-bauer	the-market-by-the-dock-by-prof-p-t-bauer-january-12-1981	96	some-economic-aspects-and-problems-of-underdeveloped-countries-by-prof-p-t-bauer-jan-6-1959	57	judiciary-vis-a-vis-parliament-executive-by-anil-b-divan-january-25-1981	54
minoo-masani-on-nehrus-adoption-of-socialism-in-conversation-with-zareer-masani	Minoo Masani on Nehru's Adoption of Socialism - In Conversation with Zareer Masani	2018	minoo-masani	the-dangers-of-joint-co-operative-farming-by-m-r-masani-m-p-mar-7-1950	52	socialism-has-it-become-a-doctrine-of-the-past-by-a-d-shroff	51	the-retreat-after-socialism	50
minoo-masanis-disenchantment-with-the-soviet-economic-model-in-coversation-with-zareer-masani	Minoo Masani's Disenchantment with the Soviet Economic Model - In Coversation with Zareer Masani	2018	minoo-masani	economic-development-and-deregulation-the-role-of-industry-by-m-s-patwardhan-november-14-1990	52	statement-on-the-current-economic-situation-in-india-september-2019	52	european-economic-monetary-integration-by-s-l-n-sinha-september-1999	49
minoo-shroff-on-a-d-shroff-memorial-trust-and-the-forum-of-free-enterprise	Minoo Shroff on A D Shroff Memorial Trust and the Forum of Free Enterprise	2015	minoo-shroff	forum-of-free-enterprise-a-manifesto	68	forum-of-free-enterprise-speech-by-mr-a-d-shroff-july-251956	68	the-a-d-shroff-memorial-trust-a-report-on-the-first-five-years-1967-1972	64
minoo-shroff-on-doing-business-in-nehrus-india	Minoo Shroff on Doing Business in Nehru's India	2015	minoo-shroff	joint-sector-some-issues-by-minoo-shroff-october-1972	56	some-impressions-of-latin-american-economies-lessons-for-india-by-minoo-r-shroff-august-14-1989	55	what-makes-japan-tick-some-lessons-for-india-by-minoo-r-shroff-october-15-1988	55
minoo-shroff-on-his-uncle-a-d-shroff	Minoo Shroff on His Uncle A D Shroff	2015	minoo-shroff	good-governance-20jan2002-by-minoo-r-shroff-h-d-shourie	65	good-governance-jan-20-2002-by-minoo-r-shroff-h-d-shourie	65	the-a-d-shroff-memorial-trust-a-report-on-the-first-five-years-1967-1972	61
minoo-shroff-on-nehru-welfare-and-indias-promise	Minoo Shroff on Nehru, Welfare and India's Promise	2015	minoo-shroff	joint-sector-some-issues-by-minoo-shroff-october-1972	55	new-industrial-policy-by-minoo-r-shroff-march-14-1978	54	some-impressions-of-latin-american-economies-lessons-for-india-by-minoo-r-shroff-august-14-1989	53
mithan-tata-lam-an-indian-lawyer-and-suffragist	Mithan Tata Lam- An Indian Lawyer & Suffragist	2023	mithan-tata-lam	social-religious-decay	54	what-swatantra-party-stands-for	53	shetkari-sanghatak-may-6-1992	52
modern-technology-for-economic-development-14-june-1976	Modern Technology for Economic Development			modern-technology-for-economic-development-by-prof-s-sampath-14-june-1976	100	the-application-of-science-and-technology-to-socio-economic-development-by-professor-m-s-thacker-15-november-1971	84	central-planning-and-economic-development-by-prof-p-t-bauer-august-12-1970	64
n-g-ranga-guardian-of-peasants-rights	N.G. Ranga - Guardian of Peasants' Rights	2018	n-g-ranga	fundamental-rights	50	limitations-of-nationalisation-by-s-narayana-aiyar	48	the-legend-of-nani-palkhivala-by-mr-pai	47
new-taxation-proposals-january-1-1970	NEW TAXATION PROPOSALS	1956	a-d-shroff	new-taxation-proposals-by-a-d-shroff-january-1-1970	100	new-pattern-of-taxation-in-india-by-students-dec-8-1959	70	the-new-pattern-of-taxation-and-its-impact-on-the-indian-economy-by-a-d-shroff-apr-6-1958	70
no-verve-in-budget-proposals-by-hp-raina	NO VERVE IN BUDGET PROPOSALS	1984	hp-ranina	no-verve-in-budget-proposals-by-h-p-raina	100	an-analysis-of-budget-proposals-by-n-a-palkhivalafeb-15-1963	72	union-budget-1982-83-proposals-are-ineffective-by-h-p-ranina-12-april-1982	72
on-socialism-and-bank-nationalisation-dr-r-c-cooper-professor-k-a-joseph-professor-b-r-shenoy-c-c-desai-a-k-chanda-august-9-1	On Socialism and Bank Nationalisation		r-c-cooper	on-socialism-and-bank-nationalisation-by-dr-r-c-cooper-professor-k-a-joseph-professor-b-r-shenoy-c-c-desai-a-k-chanda-9-august-1969	100	implications-of-bank-nationalisation-by-misc-mar-9-1964	70	general-insurance-and-nationalisation-by-j-d-chokshi-12-october-1967	67
on-wage-problem-and-industrial-unrest-naval-h-tata-c-v-pavaskar-b-n-srikrishna-january-14-1982	ON WAGE PROBLEM AND INDUSTRIAL UNREST		naval-h-tata	on-wage-problem-and-industrial-unrest-by-naval-h-tata-c-v-pavaskar-and-b-n-srikrishna-14-january-1982	100	on-railway-strike-and-industrial-relations-by-n-h-tata-s-r-mohan-das-prof-r-c-goyal-may-1974-june-1974-october-1973	62	industrial-finance-and-investment-in-india-by-a-d-shroff-5-october-1961	54
organized-crime-and-economic-development-in-india-dr-ajit-kumar-sinha	Organised Crime and Economic Development in India			organized-crime-and-economic-development-in-india-by-dr-ajit-kr-jha-february-20-2000	88	population-and-economic-development-in-india-by-n-r-narayana-murthy-16-april-2005	80	population-and-economic-development-in-india-by-n-r-narayana-murthy-april-16-2005	80
perestroika-and-india-global-process-viren-shah-1988	PERESTROIKA AND INDIA – THE GLOBAL PROCESS			perestroika-and-india-the-global-process-by-viren-j-shah-november-141988	100	globalisation-and-the-poor	65	perestroika-for-india-by-swaminathan-s-anklesaria-aiyar-august-15-1990	59
pitfalls-in-ouri-ndustrial-policy-m-a-master-nov6-1959	PITFALLS IN OUR INDUSTRIAL POLICY	1959		a-policy-for-harmonious-industrial-relations-by-naval-h-tata-14-april-1980	68	new-industrial-policy-by-minoo-r-shroff-march-14-1978	68	industrial-finance-and-investment-in-india-by-a-d-shroff-5-october-1961	56
planning-and-nationalization-rethinking-in-india-and-abroad-l-n-birla-dr-n-das-january-12-1967	Planning & Nationalisation			commercial-banks-in-india-after-nationalisation-by-b-n-adarkar-26-may-1971	76	general-insurance-after-nationalisation-by-mr-g-v-kapadia-29-april-1979	76	general-insurance-and-nationalisation-by-j-d-chokshi-12-october-1967	76
planning-for-prosperity-a-d-shroff-oct8-1960	Planning in India	1957	a-d-shroff	planning-and-nationalization-rethinking-in-india-and-abroad-by-l-n-birla-and-dr-n-das-12-january-1967	100	planning-in-india-by-a-d-shroff-january-1-1970	100	population-planning-in-india-pitfalls-and-new-challenges-by-professor-ashish-bose-november-14-1993	100
planning-in-india-a-d-shroff-january-1-1970	PLANNING IN INDIA	1957	a-d-shroff	planning-and-nationalization-rethinking-in-india-and-abroad-by-l-n-birla-and-dr-n-das-12-january-1967	100	planning-in-india-by-a-d-shroff-january-1-1970	100	population-planning-in-india-pitfalls-and-new-challenges-by-professor-ashish-bose-november-14-1993	100
plans-and-perspectives-by-bg-verghese-january-8-1961	Plans and Perspectives	1961		banks-relationship-with-customers-evolving-perspectives-by-mrs-shyamala-gopinath-may-6-2008	70	plans-and-perspective-by-b-g-verghese-january-8-1961	58	the-retreat-after-socialism	42
prachalit-arthavyavsthevar-nava-prakash-by-sharad-joshi	'Prachalit Arthavyavsthevar: Nava Prakash' by Sharad Joshi	2016	sharad-joshi	state-trading-in-a-democracy-by-dr-s-g-panandikar-aug-8-1960	46	fifty-years-after	43	desperate-proposals-by-a-d-shroff-jun-1-1957	43
price-policy-p-h-sheshagiri-rao-mar8-1960	Price Policy in Nationalised Industry and Trade	1960		price-policy-in-nationlised-industry-and-trade-by-p-h-sheshagiri-rao-mar-8-1960	83	the-national-telecom-policy-and-its-implementation	56	ethics-in-business-industry-and-public-life-by-n-vittal-i-a-s-retd-june-1999	51
problem-and-prospects-of-developing-countries-s-jannathan-1980	Problems and Prospects of Developing Countries	1980		problem-and-prospects-of-developing-countries-by-s-jagannathan-1980	89	some-economic-aspects-and-problems-of-underdeveloped-countries-by-prof-p-t-bauer-jan-6-1959	70	the-privatisation-phenomenon-and-its-relevance-to-developing-countries-by-jiban-k-mukhopadhyay-july-15-1988	68
problems-of-free-enterprise-obv-january-1-1970	Problems of Free Enterprise in India	1957		problems-of-free-enterprise-in-india-by-observer-january-1-1970	100	the-future-of-free-enterprise-in-india-by-m-r-masani-m-p-jun-8-1961	85	free-enterprise-in-india-a-call-for-leadership-by-a-d-shroff-25-october-1961	80
prune-the-plan-prof-b-r-shebnoy-january-1-1970	Prune the Plan	1957	b-r-shenoy	prune-the-plan-by-prof-b-r-shebnoy-january-1-1970	100	a-look-at-the-bombay-plan-in-the-light-of-today-by-h-v-r-iengar-11-january-1968	72	approach-to-the-fifth-plan-by-dr-phiroze-b-medhora-february-1973	72
public-distribution-system-boon-or-bane	The Public Distribution System : A Boon or a Bane?	2020		rethinking-on-public-sector-10-september-1970	52	is-indian-airline-corporation-fair-to-the-public-september-5-1961	48	the-national-telecom-policy-and-its-implementation	46
puzzles-and-clues-m-a-sreenivavsan-1957	PUZZLES AND CLUES	1958	ma-sreenivasan	puzzles-and-clues-by-m-a-sreenivasan-1957	100	real-land-reforms	44	fifty-years-after	40
ramtanu-lahiri-o-tatkalin-bangosamaj-sivanath-sastri	Ramtanu Lahiri O Tatkalin Bangosamaj	1904	sivanath-sastri	shetkari-sanghatak-nov-6-1991	41	shetkari-sanghatak-nov-6-1992	41	shetkari-sanghatak-nov-6-1993	41
reflection-on-the-changing-scenario-of-the-indian-stock-marketst-m-r-mayya-december-21-1994	REFLECTIONS ON THE CHANGING SCENARIO OF THE INDIAN STOCK MARKETS	1995		reflection-on-the-changing-scenario-of-indian-stock-markets-by-mr-m-r-mayya-21-december-1994	88	the-changing-scenario-of-industrial-finance-and-capital-market-in-the-new-millennium-by-dr-r-h-patil-7-november-2000	68	some-reflections-on-the-food-problem-in-india-by-t-a-pai-11-september-1966	58
regional-cooperation-in-south-asia-h-t-parekh-december-13-1981	Regional Cooperation in South Asia	1981	h-t-parekh	regional-ccoperation-in-south-asia-by-h-t-parekh-13-december-1981	78	liberal-times-liberalism-in-south-asia	55	cooperatives-in-the-changing-economy-of-india-august-1998	50
regulation-of-the-capital-market-and-the-role-of-sebi-by-gv-ramakrishna-may-15-1993	REGULATION OF THE CAPITAL MARKET AND THE ROLE OF SEBI			regulation-of-the-capital-market-and-the-role-of-sebi-by-g-v-ramakrishna-may-15-1993	100	emerging-scenario-in-the-capital-market-and-sebis-role-by-v-h-pandya-august-14-1994	82	the-changing-scenario-of-industrial-finance-and-capital-market-in-the-new-millennium-by-dr-r-h-patil-7-november-2000	70
report-second-national-convention-mangalore-feburary-18-20-2005-july-2005	Report	2005	n-vittal	an-analysis-of-dutt-commitee-report-on-industrial-licensing-november-9-1969	100	tandon-committee-report-and-finance-for-industry-by-j-h-doshi-18-january-1976	100	the-a-d-shroff-memorial-trust-a-report-on-the-first-five-years-1967-1972	100
rising-prices-black-money-and-demonetisation-prof-b-p-adarkar-october-14-1973	RISING PRICES, BLACK MONEY AND DEMONETISATION	1973		on-rising-prices-and-black-money-by-dr-a-k-sur-and-professor-b-r-shenoy-12-september-1971	79	rising-prices-black-money-and-demonestisation-by-prof-b-p-adarkar-october-14-1973	79	the-problem-of-rising-prices-causes-and-remedy-by-a-s-bhaskar-aug-9-1964	55
role-of-civil-society-in-the-pandemic	Role of Civil Society in the Pandemic	2020		the-role-of-a-professional-in-society-by-y-h-malegam-september-12-2006	65	the-emerging-challenges-to-civil-society	56	the-indian-commercial-banking-system-in-the-next-decade-the-role-of-small-banks-by-dr-s-s-tarapore-octobert-5-2010	54
role-of-free-enterprise-c-l-gheevala-january-1-1970	ROLE OF FREE ENTERPRISE IN SECOND PLAN	1956		role-of-free-enterprise-in-second-plan-by-c-l-gheevala-january-1-1970	100	the-role-of-free-enterprise-by-m-r-masani-september-21-1956	75	farmer-loan-waiver-absence-of-free-enterprise-in-indian-agriculture-by-dr-c-l-dadhich-dr-barendra-kumar-bhoi-and-kumar-anand-02-august-2017	71
role-of-ideology-in-indias-liberalisation	Role of Ideology in India's Liberalisation	2020		general-insurance-as-a-financial-institute-in-the-context-of-liberalisation-by-mr-s-v-mony-24-june-1992	68	indian-industry-in-post-liberalisation-era-by-s-s-bhandare-20-july-aug-2001	62	indian-industry-in-post-liberalisation-era-by-s-s-bhandare-july-aug-20-2001	62
role-of-intellectuals-in-public-life-prof-p-g-mavalankar-october-1979	Role of Intellectuals in Public Life	1980		role-of-intellectuals-in-public-life-by-prof-p-g-mavalankar-30th-october-1979	100	role-of-life-insurance-in-national-economy-by-mr-era-sezhiyan-28-october-1985	58	ethics-in-business-industry-and-public-life-by-n-vittal-i-a-s-retd-june-1999	56
role-of-management-in-productive-movement-s-anantharamakrishnan-october-7-1960	ROLE OF MANAGEMENT IN PRODUCTIVITY MOVEMENT	1960		role-of-management-in-productive-movement-by-s-anantharamakrishnan-7-october-1960	82	what-is-expected-of-management-trainees-in-private-enterprise-by-dr-s-kumar-jain-september-5-1962	54	productivity-and-quality-of-work-life-by-a-n-haksar-april-14-1979	51
rural-employment-guarantee-scheme-two-reviews-gangadhar-gadgil-n-g-abhyankar-15-august-1975	RURAL EMPLOYMENT GUARANTEE SCHEME—TWO VIEWS	1975		rural-employment-guarantee-scheme-two-views-by-prof-gangadhar-gadgil-n-g-abhyankar-i-a-s-retd-15-august-1975	86	generating-employment-by-dr-a-s-ganguly-october-14-1990	47	post-reform-labour-and-employment-issues-liberal-budget	44
s-divakara-on-nani-palkhivalas-union-budget-commentaries	S. Divakara on Nani Palkhivala's Union Budget Commentaries	2015	s-divakara	the-union-budget-1980-81-by-nani-a-palkhiwala	62	the-union-budget-1973-74-by-n-a-palkhivala-april-1973	60	the-union-budget-1981-92-by-n-a-palkhivala	60
s-divakara-on-the-forum-of-free-enterprise	S. Divakara on The Forum of Free Enterprise	2015	s-divakara	basic-documents-forum-of-free-enterprise-july-181956	72	forum-of-free-enterprise-a-manifesto	72	forum-of-free-enterprise-code-of-conduct	72
samasyayen-bharat-ki	समस्याएँ भारत की	1988	sharad-joshi						
satyamev-jayate-volume-1-collection-of-writings-from-swarajya	SATYAM EVA JAYATE		c-rajagopalachari	the-retreat-after-socialism	35	shetkari-sanghatak-may-6-1992	35	shetkari-sanghatak-may-6-1993	35
shetakanyachi-raje-shivaji-by-sharad-joshi	'Shetakanyachi Raje Shivaji' by Sharad Joshi	2016	sharad-joshi	shetkari-sanghatak-feb-6-1992	43	shetkari-sanghatak-feb-6-1993	43	shetkari-sanghatak-feb-6-1994	43
sheti-vayavsayavaril-arishit-by-shesrav-mohite	'Sheti Vayavsayavaril Arishit' by Shesrav Mohite	2016	shesrav-mohite	shetkari-sanghatak-oct-6-1992	41	shetkari-sanghatak-oct-6-1993	41	shetkari-sanghatak-oct-6-1994	41
shetkari-sanghatana-vichar-aani-karyapadthdti-by-sharad-joshi	'Shetkari Sanghatana: Vichar Aani Karyapadthdti' by Sharad Joshi	2016	sharad-joshi	shetkari-sanghatak-march-6-1992	50	shetkari-sanghatak-march-6-1993	50	shetkari-sanghatak-march-21-1992	49
shetkari-sanghathana-a-movement-for-freedom-part-2	Shetkari Sanghathana : A Movement for Freedom - Part II	2020		shetkari-sanghatak-feb-6-1992	58	shetkari-sanghatak-feb-6-1993	58	shetkari-sanghatak-feb-6-1994	58
shetkari-sanghathana-a-movement-for-freedom-part-i	Shetkari Sanghathana : A Movement for Freedom - Part I	2020		shetkari-sanghatak-feb-6-1992	56	shetkari-sanghatak-feb-6-1993	56	shetkari-sanghatak-feb-6-1994	56
shetkari-sanghtana-rajkiya-bhumika-by-ajit-narde	'Shetkari Sanghtana - Rajkiya Bhumika' by Ajit Narde	2016	ajit-narde	shetkari-sanghatak-april-6-1992	56	shetkari-sanghatak-april-6-1993	56	shetkari-sanghatak-april-21-1992	56
skill-ecosystem-journey-to-vocalization-of-education-s-ramadorai	Skill Ecosystem - Journey to Vocationalization of Education	2018		indias-jobless-growth-by-dr-s-d-naik-june-2018-5	81	limits-of-nationalisation-by-dr-john-matthai-january-1-1970	50	implications-of-bank-nationalisation-by-misc-mar-9-1964	49
social-forestry-for-india-y-m-l-sharma-october-14-1976	SOCIAL FORESTRY FOR INDIA			social-forestry-for-india-by-y-m-l-sharma-october-14-1976	100	corporate-social-accountability-in-india-by-dr-g-r-s-rao-june-14-1989	64	social-insurance-in-india-by-b-p-adarkar-22-june-1973	64
socialism-and-poverty-c-r-irani-10-january-1971	Socialism and Poverty	1970		socialism-and-poverty-by-c-r-irani-10-january-1971	100	on-socialism-and-bank-nationalisation-by-dr-r-c-cooper-professor-k-a-joseph-professor-b-r-shenoy-c-c-desai-a-k-chanda-9-august-1969	76	education-and-indias-poverty-by-prof-v-v-john-15-november-1975	68
socialism-has-it-become-a-doctrine-of-the-past-by-ad-shroff	SOCIALISM—HAS IT BECOME A DOCTRINE OF THE PAST?		a-d-shroff	socialism-has-it-become-a-doctrine-of-the-past-by-a-d-shroff	83	is-socialism-the-right-path-by-s-h-batlivala-december-28-1956	52	the-retreat-after-socialism	50
some-aspects-of-corporate-management-steve-dembicki-c-c-sutaria-krishna-basrur-july-1969	Some Aspects of Corporate Management	1969		some-aspects-of-coporate-management-by-steve-dembicki-c-c-sutaria-and-mrs-krishna-basrur-july-1969	83	some-economic-aspects-and-problems-of-underdeveloped-countries-by-prof-p-t-bauer-jan-6-1959	58	some-tax-aspects-of-electronic-commerce-by-k-r-girish-january-2000	58
some-tax-aspects-of-electronic-commerce-k-r-girish	Some Tax Aspects of Electronic Commerce	1999		some-tax-aspects-of-electronic-commerce-by-k-r-girish-january-2000	100	some-aspects-of-coporate-management-by-steve-dembicki-c-c-sutaria-and-mrs-krishna-basrur-july-1969	55	some-economic-aspects-and-problems-of-underdeveloped-countries-by-prof-p-t-bauer-jan-6-1959	55
state-monoplies-v-k-narasimhan-aug7-1959	STATE MONOPOLIES AND THE CITIZEN IN A DEMOCRACY	1959		state-monoplies-and-the-citizen-in-a-democracy-by-v-k-narasimhan-aug-7-1959	86	state-trading-in-a-democracy-by-dr-s-g-panandikar-aug-8-1960	59	democracy-in-india	59
state-takeover-of-foodgrains-trade-dr-a-c-chhatrapati-may-15-1973	STATE TAKEOVER OF FOODGRAINS TRADE	1973		state-takeover-of-foograins-trade-by-dr-a-c-chhatrapati-may-15-1973	80	grave-dangers-of-state-trading-in-foodgrains-by-ajit-prasad-jain-november-2-1959	71	state-trading-in-food-grains-by-a-d-shroff-jun-7-1959	51
sunil-bhandare-on-enlarging-the-constituency-of-reforms-in-india	Sunil Bhandare on enlarging the "constituency of reforms" in India	2015	sunil-bhandare	new-era-of-enriching-hindu-growth-rate-by-sunil-s-bhandare-march-5-2010	56	the-emerging-scenario-in-education	54	controlling-inflation-in-india-br-shenoy-1977	54
sunil-bhandare-on-getting-disillusioned-with-socialism-and-his-journey-to-become-a-liberal	Sunil Bhandare on Getting Disillusioned With Socialism and His Journey to Become A Liberal	2015	sunil-bhandare	socialism-has-it-become-a-doctrine-of-the-past-by-a-d-shroff	60	public-sector-wastage-issues-and-challenges-by-sunil-s-bhandare-march-3-2014	59	wto-and-indian-industry-by-s-s-bhandare-202001	55
sunil-bhandare-on-his-experiences-with-indian-liberal-organisations	Sunil Bhandare on his experiences with Indian liberal organisations	2015	sunil-bhandare	the-union-budget-2016-17-by-yashwant-sinha-h-p-ranina-s-s-bhandare-april-2016	61	whither-indian-urbanisation-by-dr-f-p-antia-1977	61	the-union-budget-2018-19-by-h-p-ranina-and-sunil-s-bhandare-march-2018	61
sunil-bhandare-on-private-enterprise-post-1991-reforms	Sunil Bhandare on private enterprise post 1991 reforms	2015	sunil-bhandare	public-opinion-on-private-and-state-enterprises-dec-9-1962	58	top-ten-concerns-of-indian-agriculture-a-case-for-private-sector-rural-banks-by-sunil-s-bhandare-may-3-2013	57	has-private-enterprise-failed-by-a-d-shroff-october-23-1956	55
swatantra-party-indias-first-liberal-party	Swatantra Party : India's First Liberal Party	2018		what-swatantra-party-stands-for	77	why-swatantra	75	swatantra-party-election-manifesto-1967-2	71
swatantrabh-ka-nasle-by-sharad-joshi	'Swatantrabh ka Nasle' by Sharad Joshi	2016	sharad-joshi	why-swatantra	55	garibi-hatao-the-swatantra-way	53	what-swatantra-party-stands-for	50
tandon-committee-report-and-finance-for-industry-j-h-doshi-18-january-1976	Tandon Committee Report & Finance for Industry	1975	j-h-doshi	tandon-committee-report-and-finance-for-industry-by-j-h-doshi-18-january-1976	100	finance-and-industry-in-india-by-a-d-shroff-10-october-1964	53	verma-committee-report-on-weak-banks-by-dr-a-c-shah-november-1999	53
the-ad-shroff-memorial-trust-a-report-on-the-first-five-years-1967-1972	The A. D. Shroff Memorial Trust	1972		the-a-d-shroff-memorial-trust-a-report-on-the-first-five-years-1967-1972	100	a-survey-of-socialism-today-by-a-d-shroff-murarji-vaidya-professor-c-l-gheevala-8-september-1961	57	a-survey-of-state-enterprises-by-a-d-shroff-may-8-1962	57
the-case-against-neo-protectionism	The Case Against Neo-Protectionism	2003		freedom-writers-young-asians-call-to-freedom	43	the-retreat-after-socialism	43	industrial-relations-by-naval-tata-pc-mehta-13-aug-1979	42
the-case-for-free-enterprise-a-d-shroff-january-1-1970	The Case for Free Enterprise	1957	a-d-shroff	the-case-for-free-enterprise-by-a-d-shroff-january-1-1970	100	free-enterprise-in-india-a-call-for-leadership-by-a-d-shroff-25-october-1961	88	free-enterprise-in-india-a-call-for-leadership-by-a-d-shroff-november-8-1961	88
the-case-for-liberalism-in-indian-history	The Case for Liberalism in Indian History	2020		liberal-times-liberalism-in-south-asia	70	democracy-in-india	67	lawless-legislation	66
the-challenges-for-liberal-grassroots-movements	The Challenges for Liberal Grassroots Movements	2020		the-emerging-challenges-to-civil-society	54	forum-of-free-enterprise-a-manifesto	50	foreign-capital-yes-govt-to-govt-no	50
the-challenges-leading-to-the-forest-rights-act-2006	The Challenges leading to the Forest Rights Act, 2006	2020		the-challenges-before-the-insurance-industry-in-india-by-g-n-bajpai-2002	53	the-emerging-challenges-to-civil-society	52	mind-vs-mindset-the-grand-indian-challenge-by-dr-r-a-mashelkar-f-r-s-october-5-2010	50
the-changing-scenario-of-industrial-finance-and-capital-market-in-the-new-millennium-dr-r-h-patil-november-7-2000	CHANGING SCENARIO OF INDUSTRIAL FINANCE & CAPITAL MARKET IN THE NEW MILLENNIUM	2001		the-changing-scenario-of-industrial-finance-and-capital-market-in-the-new-millennium-by-dr-r-h-patil-7-november-2000	100	the-changing-structure-of-industrial-finance-by-dr-p-s-lokanathan-2-april-1969	61	emerging-scenario-in-the-capital-market-and-sebis-role-by-v-h-pandya-august-14-1994	60
the-early-years-emergency-era-and-tryst-with-civil-services	The Early Years, Emergency Era and Tryst with Civil Services	2020		the-emerging-challenges-to-civil-society	52	the-civil-service-in-transition-by-b-k-nehru-november-2000	51	the-civil-service-in-transition-by-b-k-nehru-20-oct-nov-2000	48
the-future-of-liberalism-in-a-post-pandemic-world	The Future of Liberalism in a Post-Pandemic World	2020		forum-of-free-enterprise-a-manifesto	57	your-prosperity-through-freedom-by-m-r-pai	56	manifesto-for-indian-liberals-1985	55
the-hayek-keynes-debate-1931-1971-by-sudha-r-shenoy	The Hayek-Keynes Debate, 1931-1971 | by Sudha R. Shenoy	2009	sudha-r-shenoy	indias-food-problem-by-b-r-shenoy-december-1973	52	prune-the-plan-by-prof-b-r-shebnoy-january-1-1970	51	on-rising-prices-and-black-money-by-dr-a-k-sur-and-professor-b-r-shenoy-12-september-1971	50
the-hope-for-a-liberal-political-alternative	The Hope for a Liberal Political Alternative	2020		swatantra-alternative-to-third-plan-2	57	forum-of-free-enterprise-a-manifesto	52	congress-misrule-and-the-swatantra-alternatives-1966	51
the-life-and-times-of-sharad-joshi	The Life and Times of Sharad Joshi	2020	sharad-joshi	productivity-and-quality-of-work-life-by-a-n-haksar-april-14-1979	53	social-and-economic-significance-of-insurance-in-modern-economic-life-by-prof-c-n-vakil-20-june-1970	53	globalisation-and-the-poor	47
the-life-legacy-of-lady-abala-bose	The Life & Legacy of Lady Abala Bose	2022	lady-abala-bose	end-to-appeasement	43	an-inflationary-budget-by-a-d-shroff	43	the-essence-of-democracy-2	42
the-new-global-marketplace-sudha-shenoy	The New Global Marketplace | Sudha Shenoy	2006	sudha-r-shenoy	prune-the-plan-by-prof-b-r-shebnoy-january-1-1970	42	the-foreign-exchange-situation-by-prof-b-r-shenoy-mar-6-1958	40	the-relevance-of-rajaji-economic-thinking-today	39
the-relationship-between-citizen-and-state	The Relationship Between Citizen and State	2020		state-monoplies-and-the-citizen-in-a-democracy-by-v-k-narasimhan-aug-7-1959	61	centre-state-relations-a-broad-perspective-by-n-a-palkhivala-15-october-1983	48	banks-relationship-with-customers-evolving-perspectives-by-mrs-shyamala-gopinath-may-6-2008	48
the-role-of-government-in-agriculture	What is the Role of Government in Agriculture?	2020		trends-in-government-expenditure-april-30-2007	56	farmer-loan-waiver-absence-of-free-enterprise-in-indian-agriculture-by-dr-c-l-dadhich-dr-barendra-kumar-bhoi-and-kumar-anand-02-august-2017	54	why-government-is-the-problem-by-prof-milton-friedman-september-15-1994	54
the-vice-of-child-marriages-by-ishwar-chandra-vidyasagar	The Vice of Child Marriages	1850	ishwar-chandra-vidyasagar	the-essence-of-democracy-2	40	the-emerging-challenges-to-civil-society	40	lawless-legislation	37
tibetans-in-exile	Liberal Times	1995	ajit-bhattacharjea	liberal-times-liberalism-in-south-asia	100	liberal-times-tibetans-in-exile	100	the-central-budget-2004-2005-vis-a-vis-the-liberal-budget-by-various-july-18-2004	70
tribals-and-development-countering-the-myths	Tribals and Development: Countering the Myths	2020		economic-development-and-deregulation-the-role-of-industry-by-m-s-patwardhan-november-14-1990	60	community-development-by-b-g-rao-mar-8-1961	51	central-planning-and-economic-development-by-prof-p-t-bauer-august-12-1970	50
udarwad-raj-samaj-aur-bazaar	उदारवाद	2006	sauvik-chakraverti						
udarwad-raj-samaj-aur-bazaar-ka-naya-paath	Udarwad: Raj, Samaj Aur Bazaar Ka Naya Paath	2015	sauvik-chakraverti	garibi-hatao-the-swatantra-way	43	forward-trading-in-shares-by-mr-mayya-april-5-1996	42	what-swatantra-party-stands-for	40
vedepir-by-anant-umrikar	'Vedepir' by Anant Umrikar	2016	anant-umrikar	real-land-reforms	42	the-indian-libertarian-november-1-1958	41	the-indian-libertarian-november-1-1961	41
vision-for-a-prosperous-india-gurcharan-das	Vision for a Prosperous India - Gurcharan Das	2019	gurcharan-das	the-case-for-sponsored-radio-by-y-a-fazalbhoy-1957	49	social-religious-decay	49	a-vision-on-new-india-in-2020-by-mukesh-a-ambani-may-20-1998	49
why-is-it-difficult-to-de-regulate-labor-in-india	Why is it Difficult to De-regulate Labor in India?	2019		federal-financial-relations-in-india-by-k-santhanam-december-11-1968	49	the-emerging-challenges-to-civil-society	49	manifesto-for-the-state-assembly-reelection-1974	49
women-liberals-dr-janaki	The Life & Legacy of Dr Janaki Ammal	2022	janaki-ammal	from-darkness-to-light	44	forum-of-free-enterprise-a-manifesto	43	social-control-over-commercial-banks	43
yodha-shetkari-by-vijay-prulkar	Yodha Shetkari by Vijay Prulkar	2016	vijay-prulkar	shetkari-sanghatak-april-6-1992	51	shetkari-sanghatak-april-6-1993	51	shetkari-sanghatak-april-21-1992	50
